spk,cond,d,other,cos,rel,cos_gamma_enc,rel_gamma_enc,cos_beta_enc,rel_beta_enc,cos_gamma_df,rel_gamma_df,cos_beta_df,rel_beta_df
9351,floor_J,12,,0.9977241157698394,0.06857615071382653,0.9980378376894138,0.06277790400330548,0.9900580271624463,0.14510463434225324,0.9983281150256833,0.0603899641633222,0.9812396314860519,0.20769129854756624
9351,clean,2,,0.9978628785439173,0.06541701112928523,0.9981891840026874,0.060901183065758945,0.987078046814526,0.16030751590412437,0.9986342407569103,0.052290569763308446,0.9812392625022635,0.20037977624820533
9351,clean,4,,0.9993950927314872,0.03506183737524539,0.9995734710486036,0.02929127094185823,0.9946994788301281,0.10367610118779094,0.9997522098617247,0.022841120848621617,0.989052834587188,0.15747137509165135
9351,clean,6,,0.999621907828636,0.02786729359161695,0.9997412162477403,0.02292674370991992,0.9967786465828365,0.0806190076626556,0.9998305985836308,0.019168410310221783,0.9929855977272465,0.12476664359669422
9351,clean,8,,0.9999177672607021,0.012910203781760879,0.9999508130751789,0.010004374219496773,0.9990764098960869,0.04314681779681909,0.999962519847035,0.008957758450766792,0.9989303844154968,0.04690239243594915
9351,clean,10,,0.9999655266413118,0.009004638216766607,0.9999692056224543,0.008710829690598658,0.9997837579056139,0.022075127377329865,0.9999810237303592,0.006829908356502754,0.999637686715487,0.027152858165806548
9351,clean,12,,0.9999999999999986,0.0,0.999999999999997,0.0,1.0000000816875911,0.0,0.9999999107546343,0.0,0.9999999999998382,0.0
9351,clean,15,,0.999934538028085,0.011487012715812631,0.9999382586069224,0.011155216010314587,0.9996425800893052,0.027440234886246303,0.9999676189519554,0.00805935079833101,0.9990946793772416,0.04364483378386173
9351,clean,20,,0.9997248367478629,0.024032530298698722,0.9997519023285402,0.022683664274927504,0.9983070546065782,0.06202556679606728,0.9998651373466818,0.017073738233225444,0.996569170805057,0.08665921449356628
9351,clean,30,,0.9986742532711567,0.0528534159662027,0.9987840731376804,0.04982264356407792,0.9936487509551712,0.11998699681485103,0.9991035153406876,0.04450164482641293,0.991293750328927,0.14498921096736417
9351,clean,45,,0.9979953273682113,0.06541862090700355,0.9981569623972868,0.06165245654271526,0.9911348596785602,0.14517042984715958,0.998561503830647,0.05661112716160525,0.9893079293112391,0.16297405261872863
9351,clean,60,,0.9969308341182769,0.08001683648628867,0.9970593101110989,0.07751308790187927,0.9870377045242777,0.17340281966916396,0.9978324220673094,0.06786518668819416,0.9845190552917816,0.19510355045040834
9351,clean,90,,0.9968485749694422,0.08000241108929065,0.9970577160260691,0.07668964106532875,0.9861536621544844,0.1688047820971932,0.9977243872039415,0.06923954775692409,0.9819510782960604,0.20071920810286104
9351,noisy10dB,6,,0.997958214484319,0.0662057261939786,0.9980807265121063,0.06339593086973662,0.9909003474253798,0.14310308919637316,0.9986262461687128,0.055406175194136396,0.9844802932683782,0.19033182136948662
9351,noisy10dB,12,,0.9982204641755388,0.06494935281569555,0.998601916066897,0.05778431785967948,0.9906321747841056,0.15481669969349462,0.9986916092315945,0.056309022107668714,0.9859256838377061,0.18930874288031793
9351,noisy10dB,30,,0.9993451656699124,0.03626834788870362,0.9995235672975121,0.030869777589807072,0.9954444545734386,0.0957736959291257,0.9995706281192425,0.029652678271569925,0.9926888520166992,0.12511315993454322
9351,noisy10dB,60,,0.9989045418584953,0.04682102884828814,0.9990488954725513,0.04381315476401669,0.994234360795975,0.1072319572048249,0.9992485309395798,0.0387625932223858,0.9900117241342835,0.14196002500637048
10107,floor_J,12,,0.9979477933212473,0.06421390946978434,0.9982300965480263,0.06008847767108475,0.9875529367925365,0.16050813101927036,0.998665807804962,0.05163606576865889,0.9813326169927666,0.19277661140792507
10107,clean,2,,0.9951733000994873,0.10092025853178603,0.995316783096268,0.09913525140037613,0.9712375266134491,0.25999939119332427,0.9975404424258025,0.07222331122163207,0.9561839503235696,0.3243849829959289
10107,clean,4,,0.9991955447608324,0.04202089159885741,0.99934043188855,0.03709024258230037,0.9953766198270764,0.10630361696027872,0.9994997957918987,0.03473782899393082,0.9912962021774947,0.1440536417175855
10107,clean,6,,0.9998755023276968,0.01579584190848793,0.9998927101170949,0.014655483176597218,0.9992738692516847,0.03827455705454616,0.9999256649596873,0.012328737161504085,0.998341774357938,0.05784139243892537
10107,clean,8,,0.9998748949932089,0.015942717093319514,0.99989513881985,0.014574520475306245,0.9991341470790224,0.042816366462842835,0.9999180078500605,0.012906403972818566,0.999120536727881,0.04270956855608531
10107,clean,10,,0.9999495768284309,0.010547706884250226,0.9999594653755746,0.009355821649298582,0.9996687347290028,0.028807993981152292,0.9999672662969008,0.008664590103168222,0.9996098151281835,0.02962933092236446
10107,clean,12,,0.9999999112044594,0.0,0.9999999999999969,0.0,0.9999999109828086,0.0,0.9999999088527549,0.0,1.0000000824631041,0.0
10107,clean,15,,0.9998662048083864,0.016363627278097616,0.9998702637486439,0.01617415383873453,0.9993089728155629,0.03751744717700402,0.999919591381836,0.012747598736747244,0.9987589790135836,0.049863429391506044
10107,clean,20,,0.9997990136947406,0.020087995205890625,0.9998300241740243,0.018522407586233,0.9988567011403564,0.04821000938859116,0.9998659684268599,0.01637867623298561,0.9977524945976608,0.06722913299752308
10107,clean,30,,0.9997884968843127,0.020745436401162897,0.9998292071409639,0.018721639509752253,0.9983741925728298,0.060776367764922824,0.9998793647688153,0.015555605061450685,0.9982325230509561,0.06115939083272127
10107,clean,45,,0.9995787419984586,0.029225609832395694,0.999669963360751,0.02593037331278352,0.996573730027442,0.08597260488675164,0.9997598752118301,0.021986160896422118,0.9959660268637919,0.09123515873641591
10107,clean,60,,0.9992116546582765,0.03973321758252895,0.9993402653321214,0.036425020340057124,0.9943675068959549,0.10713489295302478,0.9995247448078294,0.030823835237380963,0.992236547745666,0.1243846359769062
10107,clean,90,,0.9987449207748452,0.050084323218279755,0.998917611175958,0.04657896344583925,0.9916076889820673,0.12995079019181915,0.9992226551012705,0.03952430281857734,0.988421218800342,0.1519329583873886
10107,noisy10dB,6,,0.9991958550829431,0.04031649879623328,0.9992576984934751,0.0388107045284659,0.995165352294347,0.09821975827799759,0.9994629133639169,0.03301086948816998,0.9951987922896457,0.09809829811911565
10107,noisy10dB,12,,0.9994641782621269,0.03275542489131505,0.9995349966388771,0.030494920906935483,0.9965889403271918,0.0849258450874376,0.9996483799271748,0.026549838644510295,0.9961992572679373,0.08761862476324696
10107,noisy10dB,30,,0.9992014616208562,0.040158280226115575,0.9992298629506932,0.03967247376148013,0.995526114844386,0.09454547898760113,0.9994770974598456,0.03245307796577767,0.9954696769573814,0.09509577727318347
10107,noisy10dB,60,,0.9986966830614841,0.05136282584104226,0.9987714429145723,0.04990592722646971,0.9917508665123466,0.12819601584995904,0.9991939129910306,0.040559690872298305,0.9913221164496772,0.13159763878280054
5677,floor_J,12,,0.9994296371020442,0.03465020140450989,0.9994558331775573,0.033518880416290996,0.9964460793557067,0.08598767685758064,0.9996890480333592,0.02638123611872114,0.9952737142534345,0.0994958991880863
5677,clean,2,,0.9994158404720591,0.03457475980321953,0.9994771135681317,0.03251283623745736,0.9966379520780237,0.08624041005454582,0.9996310521784821,0.02767376750452899,0.9957213991582543,0.09440159681511205
5677,clean,4,,0.9999030706714206,0.014866527637900535,0.9999143501920522,0.014201820253831364,0.9993313551939064,0.04180555104050656,0.9999522177801125,0.010432635165174469,0.9993185953850724,0.041984907845772385
5677,clean,6,,0.9994727341804142,0.036746714793798596,0.9995525410678447,0.03274828532135361,0.9974090175071602,0.08961830266716134,0.9996545246568591,0.03167353080651628,0.9964474705188907,0.1010933722618524
5677,clean,8,,0.99915370975479,0.04181438808891808,0.9992041102972432,0.04000489019437912,0.9950046095156238,0.10395598377584103,0.9995028822438642,0.0330813150445403,0.9943424287424367,0.10925707991739018
5677,clean,10,,0.9998312844317909,0.018787963756144166,0.9998439590733189,0.017742656356828264,0.9990698809243275,0.04522366015833089,0.9998949456124286,0.015449968790510256,0.9989087547953068,0.048666549757737286
5677,clean,12,,0.9999999138582207,0.0,0.9999999082919623,0.0,0.999999999999956,0.0,0.999999999999997,0.0,0.9999999999998541,0.0
5677,clean,15,,0.9998527323923956,0.018064693070845773,0.9998758941624656,0.016340174264276836,0.9990195893136041,0.04774850086771125,0.9999082393122214,0.014773623312487943,0.9989992639928332,0.04677555704218153
5677,clean,20,,0.9998492666819765,0.01746388651232814,0.9998539845421323,0.01719946915460396,0.9989875122629227,0.046033304117540315,0.9999312463383804,0.011812801484994926,0.9984685422403823,0.05559912257758303
5677,clean,30,,0.9996396058485516,0.0281353754314073,0.9996464339053968,0.027435992118180392,0.9982198973499599,0.06526154794471221,0.9998054432843135,0.021460447879998595,0.9965168745781624,0.08889156055771945
5677,clean,45,,0.9991731967196062,0.04157258354892399,0.9992132074539263,0.04050155546240346,0.9954546110358543,0.09695631761097047,0.9994867189301105,0.033025151803485364,0.9941406963708567,0.11296784888085491
5677,clean,60,,0.9993817646300381,0.03554365513987117,0.9994061090009588,0.034642761864051956,0.9963087390041666,0.08649510000048198,0.9996590029736722,0.026841539560652605,0.9946180426932151,0.1055256397950912
5677,clean,90,,0.999253390158347,0.03930583336826371,0.9992792351921413,0.03832979342300536,0.9957973582734297,0.09280177695310358,0.9995702239637325,0.030461712456300468,0.9938049167797277,0.11382337988194698
5677,noisy10dB,6,,0.9953027019262116,0.09935096621498515,0.995840062162166,0.0917410320558099,0.9688296139370626,0.259438806895704,0.9972403758354264,0.07958940557532566,0.9676468909145931,0.2619703766812301
5677,noisy10dB,12,,0.9967887886749475,0.08013208897124145,0.9970501619181501,0.07681509126323537,0.9789000231363615,0.20456632691332,0.9980893758791294,0.062387660704005636,0.9788058326927598,0.20485314188857723
5677,noisy10dB,30,,0.9975565387706188,0.0700220903649331,0.9977013408151426,0.06805891042662889,0.98514672538718,0.1721056244341946,0.9985122468434987,0.05457724776489741,0.9837404075159355,0.18250277011733881
5677,noisy10dB,60,,0.9978247874226034,0.06632017853579047,0.9979678550094354,0.06424374586798089,0.987257663364976,0.16006685454787614,0.9986416938500883,0.052353892026749296,0.9852513107449765,0.17579791583717305
4367,floor_J,12,,0.9934007994830206,0.11812781359906814,0.993590504227814,0.1170754132731454,0.9701544336499685,0.28114913543619363,0.995809136674124,0.09302210975642107,0.9671700377335029,0.2620034948690266
4367,clean,2,,0.9939402204928728,0.11074822740379998,0.9944231232453087,0.10551888821494049,0.9557867724603925,0.29413847311093116,0.9970194373622305,0.0807381148585302,0.9496605524578924,0.3132872784870628
4367,clean,4,,0.9986465585370327,0.05248231211649049,0.9987791362101104,0.04974507206904655,0.991629574917518,0.1293463314822224,0.9991680540842192,0.041542509850314796,0.9903862474671088,0.13909825044547988
4367,clean,6,,0.999795310228442,0.020606222674282536,0.9998225457142642,0.019151065529597434,0.9989329554007176,0.049813726754006145,0.999881245555731,0.015657066534805773,0.9979706786651673,0.07058547095058267
4367,clean,8,,0.9997391533160692,0.02365391566915795,0.9997551684710055,0.022658731894122455,0.9987474821013325,0.05630592723700566,0.9998468418325865,0.018349649061731976,0.9980619544478972,0.06980118179588997
4367,clean,10,,0.9998884377470406,0.014936094395949458,0.9998902057774844,0.014819024426928095,0.9994889221665121,0.03200142983499882,0.9999321898275062,0.011668031367978612,0.9990222144060134,0.04440404295281521
4367,clean,12,,0.9999999157981725,0.0,1.0000000917096463,0.0,1.0000000782164418,0.0,1.0000000846978339,0.0,0.9999999356284553,0.0
4367,clean,15,,0.9996850250765238,0.02514232485417631,0.9997130143720099,0.023974755783512054,0.9978540787726949,0.06558437474953022,0.9998383006666096,0.018238128988910175,0.9974032752553922,0.07548370575084352
4367,clean,20,,0.999418799784064,0.03408929538570511,0.9994947907321171,0.032013475494911285,0.9955999125187465,0.09436775245288541,0.9997033534329498,0.02465935524133599,0.9957337346124819,0.09371600044917573
4367,clean,30,,0.9994434179103443,0.03341172254871173,0.9995524381687947,0.030036171366587046,0.9955513818524602,0.09432098649198704,0.9997170601638841,0.024575715971740568,0.9951520797726149,0.1002396327759068
4367,clean,45,,0.9986386122066969,0.05293623825279574,0.9986459411149616,0.05324479846356126,0.99333492831585,0.12337855068850707,0.999167574024762,0.04102871051382205,0.9926034551659232,0.1219342698126815
4367,clean,60,,0.9986243290804027,0.05389830361383787,0.9986270874975645,0.054253733393500744,0.9933135632057544,0.12527732474319336,0.9991671028140431,0.04165575696917495,0.9920712372382939,0.1264014275387093
4367,clean,90,,0.9980521482092639,0.06419313620856694,0.9980507308652559,0.06471018050799351,0.9906279437630114,0.14947791589293705,0.9988224476984134,0.04952643015991357,0.9890222907363088,0.14921588166425132
4367,noisy10dB,6,,0.9992611673690118,0.03848310149164664,0.9993627732284878,0.035760641415739,0.995377088300539,0.0962773414000649,0.9995235372271597,0.030959441774506397,0.9948206503790198,0.10165999275373311
4367,noisy10dB,12,,0.9993176985508521,0.037282873127202965,0.9995295009126886,0.03134516201093665,0.993995335450937,0.10991207830366186,0.9995806507668175,0.02911132666878465,0.9949313503540624,0.10436429840866442
4367,noisy10dB,30,,0.9994388790077492,0.03363938519771801,0.9995740911492283,0.030028143174687733,0.9951894497968637,0.09900691887573325,0.9997183162384935,0.023757507500528293,0.9947563586650096,0.10249252732574624
4367,noisy10dB,60,,0.9991681347860446,0.04390689428961209,0.9992441269011887,0.0427315233826408,0.9953203824745267,0.10897255865869951,0.9995091640839998,0.03368440327456795,0.994102904543196,0.11107320364984435
12249,floor_J,12,,0.9973444184190444,0.07298526287675114,0.9976737823364695,0.06836299771009965,0.986212317315134,0.17086154855106242,0.9983698634158278,0.05708290849013608,0.975711207457444,0.22153039461778568
12249,clean,2,,0.9973097751522876,0.08457933553213112,0.9971956601925666,0.08463030847013585,0.9900357407254702,0.18417467049657085,0.9983263643932758,0.06887671207010705,0.9913070497448551,0.16927172164686824
12249,clean,4,,0.9987286746191605,0.050582734267420375,0.9989112935682009,0.046685375448771285,0.9926337694283003,0.12116330856813233,0.9991612942463344,0.04143348253078897,0.9913240112657453,0.13294879510581595
12249,clean,6,,0.9990533561672654,0.04428842936916706,0.9991397875356636,0.041934187249442735,0.9943949051628796,0.10730427544793263,0.9994316538002131,0.0349172701812868,0.9938889652351347,0.1150974188714998
12249,clean,8,,0.9997563203228423,0.022134880707336716,0.9997414729935714,0.022894213048530065,0.9987732246088397,0.049886370317621984,0.9998684865460767,0.016221662668646494,0.9986462646733022,0.05212539204991062
12249,clean,10,,0.9999709872263832,0.008593806348428044,0.9999719020401803,0.008663169675007007,0.9998861900975964,0.01950337738968384,0.9999845640280252,0.006255137229526266,0.9997777044610171,0.024182605714400212
12249,clean,12,,0.9999999999999987,0.0,1.0000000879080277,0.0,0.9999999999999608,0.0,0.9999999999999971,0.0,0.9999999999998777,0.0
12249,clean,15,,0.9996133516222053,0.02892552582619441,0.9996052474226838,0.02889049226073322,0.9984189836813008,0.0614551806949088,0.9997566925260771,0.02335755475958548,0.9979513244599008,0.06692232132087063
12249,clean,20,,0.9996010210230962,0.028422641067581567,0.9995986345153237,0.02845502007306347,0.9981622044337377,0.06160707213144091,0.9997537072264556,0.022404737243949382,0.9976157044851303,0.06915279726360367
12249,clean,30,,0.9995678300004932,0.029711774595680772,0.9996236375944079,0.027541857998969306,0.9979363314857514,0.06553890396366936,0.9996985748427915,0.025124257483650665,0.9968533427352138,0.08073444485660529
12249,clean,45,,0.9994030466266338,0.03462053364031113,0.9994902318772214,0.031928039211087986,0.9971766288152853,0.07575324564408596,0.9995832946863565,0.029095631016590923,0.9949778224306454,0.10021953795193264
12249,clean,60,,0.999342504451602,0.036322484423559266,0.999439869635988,0.033464377002019895,0.996579974673517,0.08298689364180684,0.9995541265329375,0.030106195526417245,0.9947834021313499,0.1024019381023216
12249,clean,90,,0.9989444167146004,0.047087490087942115,0.9990544932851549,0.044355874681872534,0.9950378051733445,0.10578306882756004,0.9992781835251847,0.03916357538338673,0.9930883874057621,0.12136513023734677
12249,noisy10dB,6,,0.9984180635223044,0.06046076848379222,0.9984904764371658,0.05833054078680452,0.9933658881846513,0.1313652614370978,0.9990033625920229,0.04907104867556705,0.9896138217343282,0.16286173762827927
12249,noisy10dB,12,,0.9967941038585426,0.09292218617170996,0.9969803700759873,0.087712395620518,0.9857280317101955,0.21660174937339158,0.9979787428966191,0.07721454374314365,0.9896733940176935,0.21469567768021364
12249,noisy10dB,30,,0.9981552610742452,0.06786332132239906,0.9983397800554334,0.06275582703412642,0.9913008347848682,0.15942245145189693,0.9988310256281587,0.056429077843386945,0.990990713297406,0.17377915948225564
12249,noisy10dB,60,,0.9977029151321166,0.07429628176132935,0.9980050385982756,0.06743116285373445,0.986841243626084,0.18628991383196886,0.9986274964527837,0.06050978759960398,0.9884331789754467,0.19267845558968094
2961,floor_J,12,,0.9984060297242693,0.057211316739874035,0.9985855409980494,0.053941310180394365,0.9906204674767617,0.13664777194707223,0.9990939952814933,0.04373690442678003,0.9835976897047443,0.1818029306747659
2961,clean,2,,0.9967264231679246,0.08095978851279588,0.9971489509023805,0.07611913867606371,0.9780856874190463,0.20821308303333436,0.9981652776698157,0.06055468740985741,0.9717584584295182,0.23602619289966245
2961,clean,4,,0.998803276151072,0.049170668407971414,0.9989063341108888,0.04752982984904473,0.993673575839039,0.11406065349119912,0.9992219182693124,0.03944361956563813,0.9923483383867591,0.12358452173090621
2961,clean,6,,0.9983242216007179,0.05828912554848201,0.9981782489347085,0.06178740893537659,0.993278077764684,0.12107711567812068,0.9990084066335704,0.04453120604709058,0.9931324420286669,0.11703645005143849
2961,clean,8,,0.9995117077284742,0.031800992528381804,0.9994733088395755,0.03365905449329103,0.997870372043598,0.06775697448524527,0.999729631683657,0.023348141586214528,0.9972104946401332,0.07486756663450173
2961,clean,10,,0.9997959700856026,0.020321034958320387,0.9998232910873818,0.01910524907353586,0.9988539724300516,0.047908178681949,0.9998715553837484,0.016060669829666967,0.9981582648843388,0.060684042629472024
2961,clean,12,,1.0000000849530106,0.0,1.0000000903868735,0.0,1.0000000779801415,0.0,0.999999912545563,0.0,0.9999999999998651,0.0
2961,clean,15,,0.9994455122202599,0.033689028089205576,0.9994158648978535,0.03510729374887767,0.997737893271448,0.07448015859202455,0.9996856398314609,0.02507564877617615,0.9970643139815393,0.07720055567779288
2961,clean,20,,0.9995818965469434,0.029134740617497653,0.9995649103319717,0.030009161347566343,0.9981848542855638,0.06545344386284178,0.9997690135935471,0.021490495502131158,0.9973087073521881,0.07332274971322769
2961,clean,30,,0.9991989882786212,0.04059780016421908,0.9992013933153382,0.04061742793330802,0.9959595782776988,0.09593128472103446,0.9995634747898754,0.02984658288052267,0.9940452391027899,0.11091636177844005
2961,clean,45,,0.9987173017362951,0.05118948297269676,0.9988559179019354,0.04848478997799228,0.9923331334586315,0.12994073142197127,0.9992454880501876,0.03910094642940988,0.9906639720942603,0.1386235035139757
2961,clean,60,,0.9987809817778633,0.049563728127609466,0.998812305923339,0.04907141673052848,0.993395767568736,0.11953116435583451,0.9993265052930803,0.03670810549932961,0.991102065202625,0.1335737459547108
2961,clean,90,,0.998900990067106,0.04696412767791355,0.9989914994458405,0.04497772580387253,0.9936102561380049,0.11353030760709787,0.9994017871271881,0.03483798987181889,0.9890361424040178,0.14822663845082604
2961,noisy10dB,6,,0.9989861413984308,0.04552683282467571,0.9990858396562727,0.043100999633471096,0.9940105051474635,0.1102080802223583,0.999421158521175,0.03460715973359867,0.9917364681677158,0.1407926490017976
2961,noisy10dB,12,,0.9991225137433102,0.042921810953621346,0.9992010787592084,0.04062029223304973,0.9950406452352345,0.10123926304180007,0.9995270384309852,0.0321344952190962,0.9922153568624974,0.14483390443029756
2961,noisy10dB,30,,0.9981371899516777,0.061049371741318775,0.9982916739394285,0.058429301323135924,0.9886428146405641,0.15047586144655598,0.9990044882159238,0.04479953096648141,0.983335226010192,0.19116675352728985
2961,noisy10dB,60,,0.998133446511331,0.06110138002791907,0.9982679259429846,0.05883489654681001,0.9892893482482309,0.14669631091858026,0.9989753062225054,0.045452079276581285,0.9829594714912504,0.18954594262177932
5739,floor_J,12,,0.9920041972295859,0.1267957182208144,0.9932367771877716,0.1171674843416011,0.9680586505525679,0.2512425134312611,0.9938134866658183,0.11139302192473159,0.9454865666620084,0.325661263048514
5739,clean,2,,0.9952975998068555,0.09802744582299908,0.995596354717524,0.09559216858252183,0.9864732341825287,0.16813142424427033,0.9965723966111065,0.08326906490298117,0.9600113673748746,0.28032455193072187
5739,clean,4,,0.9984839971114928,0.06169300949771816,0.9983719354451677,0.06485621794903099,0.9962619793714538,0.11320591586358975,0.9990180139342562,0.04879202628999204,0.9946297194714886,0.11899285935520738
5739,clean,6,,0.9989479996804606,0.04951680016961163,0.9988921948211272,0.051833975380907164,0.9967561230358423,0.0939068364233806,0.9993228387297923,0.03900145569561037,0.9960620665796475,0.09256351657915499
5739,clean,8,,0.9989532623966451,0.050360421637877684,0.9989268202051557,0.05215853228170524,0.9974358730857943,0.0907010001848673,0.9992574050318124,0.04124957666800359,0.9962704069655935,0.0964342608637079
5739,clean,10,,0.9996478374266052,0.028196989077641114,0.9996580898132561,0.02830764423242881,0.9988792715002778,0.052331720875451126,0.9997461824834976,0.023545667872514126,0.9983529218718421,0.06110811840241624
5739,clean,12,,1.0000000787806693,0.0,0.9999999182587985,0.0,0.9999999999999681,0.0,1.0000000843165386,0.0,0.9999999999998767,0.0
5739,clean,15,,0.9995026072340517,0.03291779250603554,0.9995893581995692,0.030310561209630875,0.9979256721759456,0.06991458675553225,0.9996465630014375,0.027491712944112418,0.9961552413144589,0.09269527947291588
5739,clean,20,,0.9994893551223315,0.03320686149343828,0.9995981363894858,0.029809008326462993,0.9979065870886165,0.06960187728723974,0.999609007256425,0.028826089101132074,0.9961091135969025,0.0928512247084399
5739,clean,30,,0.9970862660533465,0.0799846928559643,0.9975200480541728,0.07542713233007355,0.9895691150185233,0.15899165546022212,0.9978423858062315,0.06772522389976186,0.9782673067701586,0.2163853311232571
5739,clean,45,,0.9972242103476917,0.0747012509811059,0.997783968956249,0.06695021642884648,0.9873046185855738,0.15924766930528048,0.9979218482276563,0.06455012742067111,0.9786023512747416,0.2067324853293765
5739,clean,60,,0.9971628180892622,0.0752768363947366,0.99769719411543,0.0678452805184386,0.9873057927628508,0.15902612418497467,0.9978126064730161,0.06610813453104443,0.9815444248391293,0.19136254049567605
5739,clean,90,,0.996020627538942,0.08979712346570194,0.9967963793368102,0.08108445784202496,0.9830773631524918,0.18428636625037192,0.9968252431602599,0.07996626076588735,0.9746370244118123,0.22574074771667238
5739,noisy10dB,6,,0.9918454434583454,0.12773822145485797,0.9922930762332892,0.12492027669329635,0.9650719984372715,0.2673233551306911,0.9947873918787948,0.10198876683915886,0.9487531207036609,0.3160574725632382
5739,noisy10dB,12,,0.993741301598541,0.11191084318393128,0.9938556965350713,0.11119216019189286,0.9738003521374222,0.23353112434293416,0.9961172870866873,0.08804254042907807,0.9641961040525917,0.2654691227804889
5739,noisy10dB,30,,0.9893685889103393,0.14549321169482277,0.991450295326476,0.1306881425617014,0.9497978089846011,0.313213682503943,0.992050512371049,0.12683065396847137,0.9312364011723652,0.37252948759791704
5739,noisy10dB,60,,0.9946271506607637,0.10536185347051322,0.9951680490802394,0.1011352458207216,0.9791661949235816,0.21993765142070662,0.9963202163453091,0.08620276314231091,0.9650490871038961,0.26642128548338584
3050,floor_J,12,,0.9962288434331232,0.08706511523801827,0.9969591800916161,0.07849840291370741,0.9695158797781053,0.24768989038331699,0.9979123568813758,0.06463333066936659,0.9741928696310551,0.22911191903555372
3050,clean,2,,0.9942678783937107,0.10742928083119356,0.9943788610935692,0.10731440060227955,0.9597720606824888,0.2813684782225551,0.9971140553681977,0.0759716404181617,0.969759385642991,0.2470907158506003
3050,clean,4,,0.9956848836277018,0.09280084519537445,0.995352689822303,0.09659711585620732,0.9742879264881276,0.22551554585951536,0.9978433692256463,0.0663076925342207,0.9817453182183971,0.19023173134278393
3050,clean,6,,0.9993923159601342,0.035103174204149226,0.9993570048473908,0.03668976444468526,0.9967165290108105,0.08383508580065141,0.9996890496969482,0.024938656913648587,0.9971381209735776,0.07584677750973673
3050,clean,8,,0.9995796606606556,0.02907536699919427,0.9995506942605691,0.030484308645532254,0.9977527981388506,0.06812195178507988,0.9997773534504872,0.021154076249737006,0.9983178409996031,0.058006065910835305
3050,clean,10,,0.9997025501520669,0.024624102624396106,0.9996951959327861,0.025402767389755276,0.9983503419361246,0.059446322103438705,0.9998401110224733,0.017881031757048034,0.9986973088297215,0.052113260954225596
3050,clean,12,,0.9999999999999986,0.0,0.9999999081044406,0.0,0.9999999999999585,0.0,1.0000000865046412,0.0,0.9999999999998812,0.0
3050,clean,15,,0.9999430193654932,0.010729530962996345,0.9999619456333595,0.00873376227356421,0.9996536158120262,0.026618666407127674,0.9999553013894742,0.009564898144530435,0.9995560942640452,0.030695027449220934
3050,clean,20,,0.9998912048522451,0.014750369457855654,0.9999233412198091,0.012383921059830764,0.9993316819575584,0.03662516924938763,0.9999215224099298,0.012561698983130351,0.9989842468465345,0.04521273842510453
3050,clean,30,,0.9995416396951234,0.030284966714965198,0.9995931246818235,0.028560081461970324,0.9972985689372077,0.07376796746520996,0.9997373839544843,0.023199470425588738,0.996133815438526,0.08872990069569174
3050,clean,45,,0.9983298749370991,0.05844029872960545,0.9982045667918674,0.06149082468222785,0.9905254537596765,0.1435071892223015,0.999221670699667,0.03948443602288822,0.9913154491562877,0.13298468480847095
3050,clean,60,,0.998282570443287,0.05886896206483709,0.998130576323822,0.06218832665883012,0.9903717310061443,0.1425677128837706,0.9991947069031355,0.040150761113269144,0.9914681401151796,0.13080996204287546
3050,clean,90,,0.9974811747156056,0.07124083307618906,0.9973303175238329,0.07422638810651246,0.9851204878511607,0.17681842590426566,0.9988212909582348,0.04857999310584995,0.9865731659827468,0.16399976124310253
3050,noisy10dB,6,,0.9979116007967734,0.0676101334071844,0.9983435053499655,0.05886276654824524,0.9903228719692764,0.14341352233389051,0.9985120791107942,0.05960946441846803,0.981503737034186,0.21248849452466387
3050,noisy10dB,12,,0.9990516346594049,0.04614739506218121,0.9991843652608084,0.043015133855275396,0.9958032371471385,0.09849180874733703,0.9993303132241674,0.03905029907134438,0.9923816832897993,0.12980684029307243
3050,noisy10dB,30,,0.9992876020287323,0.03860708192599632,0.999321237957048,0.03809710580835133,0.9961028780241871,0.09035547161440545,0.9996016829304887,0.028788685773814986,0.9942389521617946,0.10813661705872
3050,noisy10dB,60,,0.9991048589976296,0.042305644017099166,0.9991831350654259,0.0405433277818889,0.9949682376993134,0.10150914165494135,0.9995166358960413,0.031520481553507985,0.9916736581222043,0.12878487310266648
5417,floor_J,12,,0.9975183655858806,0.07543142615404415,0.9979670717744834,0.06764460891025885,0.9877895239565649,0.17504580450961316,0.9982105837085926,0.06540884322224161,0.9825129694214926,0.19927911676958465
5417,clean,2,,0.995970705391405,0.08968299073290988,0.9965841287445586,0.08330657935819098,0.9759333960732423,0.21815146556170972,0.9976256955579779,0.06985029372603356,0.9620573394904189,0.27288326126398166
5417,clean,4,,0.9971256203178755,0.07578256505934217,0.9976146251689274,0.07044705879561501,0.9850302733666177,0.17379288819228347,0.9981121049045045,0.06254389641185773,0.977048513630384,0.21330263809790853
5417,clean,6,,0.9989603893638134,0.045589536019721044,0.9991559040461825,0.041577579152825846,0.9943417765432927,0.10633610954762823,0.9993416768458828,0.03671001090787132,0.9893291144230164,0.14650550678142066
5417,clean,8,,0.9991774620055774,0.04224016627906944,0.9990959705130432,0.044103857100608344,0.9972139157370009,0.0796776879649349,0.9994626635230482,0.0343770802663585,0.996815787068574,0.08491814096791438
5417,clean,10,,0.9996930413683618,0.02477123468807378,0.9996960038962851,0.024671226523933457,0.9988897642291007,0.047353552516954146,0.9997801921553956,0.02096822976655108,0.9982714082261784,0.05926395353243146
5417,clean,12,,0.9999999151176256,0.0,0.9999999107495685,0.0,1.000000077440884,0.0,0.999999911554507,0.0,1.0000000640045643,0.0
5417,clean,15,,0.9999032936032627,0.0146336569748186,0.9998940033446806,0.015548262830225732,0.9996124749424943,0.031353401836958936,0.9999467817410962,0.010677885614061968,0.9995517859336038,0.032288453110892124
5417,clean,20,,0.9994077664579742,0.03546929497303888,0.9994443209702634,0.035700713943040446,0.9975032138920983,0.07505793961806813,0.9996229550703329,0.02761361867438438,0.9958846528571997,0.09480457184362204
5417,clean,30,,0.9994825711205726,0.032166168198139555,0.9995118224111201,0.03175244287645779,0.9977178397123454,0.06752825736382577,0.9996525593446202,0.027001446630638328,0.9976721371421318,0.06889420983889509
5417,clean,45,,0.9991222625197971,0.04225654825645813,0.9991596472486873,0.04102303049225752,0.995851666911829,0.0919459174823971,0.9994328494838665,0.03560895220342854,0.996189565092681,0.09180334842498301
5417,clean,60,,0.9993355688364568,0.036524143167011414,0.9993690402698208,0.035711463883653066,0.9967393409126064,0.08074793510991743,0.9995769935397343,0.030166685970818098,0.9968208847879008,0.08074250749980795
5417,clean,90,,0.9989853788919876,0.04584850018440112,0.9990371680053607,0.043962860428261336,0.9948995093621524,0.10284025191445356,0.9993422532608842,0.03854372896373354,0.9951476187024983,0.10203441172828995
5417,noisy10dB,6,,0.9969692589601055,0.0778832813674161,0.9976196117746816,0.06967620908111284,0.9835823107595203,0.18064391594853227,0.9979528212404315,0.06602006225178278,0.9732956974440452,0.22996935863016205
5417,noisy10dB,12,,0.9993445483863731,0.03622640239506597,0.9994582582657957,0.03318127598745584,0.9967256665967491,0.08085764230310623,0.9995734639959656,0.0300651723095873,0.9936545562078892,0.11248832572455875
5417,noisy10dB,30,,0.9990051382653904,0.0453909251047096,0.9991370558058347,0.04153794458917583,0.9954886860706388,0.09723873558317372,0.9993030584675664,0.04020215016433471,0.9935987307209068,0.11642226828065846
5417,noisy10dB,60,,0.9986929405033085,0.051621473451503336,0.9988722017142647,0.047503771601350366,0.9940444949058955,0.10996716602843837,0.9991102132139457,0.044790127404327286,0.9897664118322381,0.14399007821977616
6549,floor_J,12,,0.9980334462254313,0.0676338488408983,0.9980233007915469,0.06665692342591611,0.9912496953357883,0.14228356840819975,0.9988254635066491,0.05454708556976939,0.9909930154690937,0.15404563457110593
6549,clean,2,,0.994447283611976,0.10738235551378042,0.9955458037908529,0.0943735476548693,0.9699002954459557,0.2531367900102435,0.996231335422286,0.09272351532367992,0.9699463326162069,0.25693609229848136
6549,clean,4,,0.993853534550591,0.11266232668745292,0.9932617094248574,0.12136700639026171,0.9794968498504564,0.21733378578176654,0.996387866071879,0.08493097496792955,0.9815342923757248,0.1938503344175426
6549,clean,6,,0.999296678290091,0.03755145318213314,0.9993755205252252,0.03645394460920162,0.9974787355511299,0.07196233917328401,0.9994744756017225,0.03282556615032203,0.9972977746767338,0.0770675073030346
6549,clean,8,,0.9991245111435196,0.04234928817580281,0.9993116232340175,0.037138957517030786,0.9950168504603953,0.10191976237639332,0.9994168792316277,0.03543915734659933,0.9944612588163554,0.11213115432930554
6549,clean,10,,0.9998843000526397,0.015885019997567026,0.9999051296387307,0.014355739374415859,0.9993967515579452,0.037173529230294544,0.9999240142849681,0.012969572983894518,0.9991999126202288,0.043565690556455317
6549,clean,12,,0.9999999999999987,0.0,1.000000085345369,0.0,1.0000000651671912,0.0,0.9999999999999971,0.0,0.9999999999998759,0.0
6549,clean,15,,0.9995007044964156,0.03598017745684893,0.999535635112836,0.0347176457751528,0.9980556878344305,0.0757672472109276,0.9996707024589391,0.029699947475002295,0.9973840194285314,0.08502584241073678
6549,clean,20,,0.9993960469180722,0.0392755398925062,0.9995069996728693,0.035798561105360976,0.9971344817241005,0.09037607943113217,0.9995899813543759,0.032830723361898066,0.9964543917164024,0.09736201961036324
6549,clean,30,,0.9992017391131114,0.04281112099634671,0.9993320607225779,0.03858279522132734,0.9960436467205505,0.09614199904367068,0.9994738359447952,0.036137541362862326,0.9943291130128912,0.11548880096400797
6549,clean,45,,0.9996457905778325,0.02662708273873709,0.9996819292782875,0.02522114914327265,0.9983764755061566,0.05696151837593449,0.999785688131232,0.020813344914714583,0.9965787122003485,0.08277687358315082
6549,clean,60,,0.9997022665678487,0.02464889040245603,0.9997047069105366,0.024438915541622197,0.998870067281084,0.04777637183331091,0.9998154212696138,0.019676551981093,0.9976700622750364,0.06829837359201728
6549,clean,90,,0.9994968340559994,0.033472851955968934,0.9994724760759761,0.034199569342284936,0.9981655714136205,0.06469758850838442,0.9996861431607457,0.02675101398128786,0.9974609963914423,0.07476686121336837
6549,noisy10dB,6,,0.9988294821795727,0.05049086997869553,0.9988921643284903,0.05097339589684684,0.9957649495496947,0.10617176809663395,0.9992014612070624,0.04043062539261751,0.9958123958191908,0.09423448483120998
6549,noisy10dB,12,,0.9980243808366067,0.06291481841190821,0.9981243321547143,0.061230751982670396,0.9903845080223677,0.13840119693184494,0.9987823365680744,0.0496504810728028,0.9883916887236195,0.15375260076682715
6549,noisy10dB,30,,0.997413499700031,0.07454479702564441,0.9975468299793536,0.07224576029705883,0.988092665512845,0.15815894603006594,0.9984214799383883,0.05927118007238941,0.9829659920781815,0.1991466973210192
6549,noisy10dB,60,,0.9979279590311527,0.06508056961965529,0.9980147720101235,0.06348703109639656,0.9905390439169222,0.13741635028323232,0.9987274533524009,0.05166007029317118,0.9860677693790393,0.17017416896195067
9351,inter,12,10107,0.9943319047535034,0.10867665600557029,0.9944113365777522,0.10890172483912404,0.9767078356618866,0.2248477880437723,0.996080917822653,0.08962988176054458,0.9598427608494126,0.2901467890816668
9351,inter,12,5677,0.9918570647106772,0.12772157631139958,0.9922257261603726,0.1256655139456209,0.9657365032630911,0.2639059460161788,0.9942715106173265,0.10688363232730466,0.9425321777930133,0.3341895548906321
9351,inter,12,4367,0.9882290274463831,0.1529937987027766,0.9875897186227764,0.158601142749229,0.9502917722184363,0.3126381674936529,0.9930966416268255,0.11881265346216463,0.9208367144085478,0.39001818740529304
9351,inter,12,12249,0.9918960432968581,0.12746710208664158,0.9930836533435323,0.11749844885065884,0.9460567919117273,0.3242172634311797,0.9954033267564201,0.0971757179218851,0.9290592063598211,0.37466491334313595
9351,inter,12,2961,0.9936313077061829,0.11268422069829409,0.994614545929021,0.10393234553852734,0.9578241037228565,0.28799768872594406,0.9961938166549182,0.08739220162666705,0.9463644210559327,0.3247969968822663
9351,inter,12,5739,0.9948633653877064,0.1078054339881602,0.9952818785978113,0.10575086250721294,0.9800335572716777,0.2307242332549927,0.996678931098986,0.08509241269760937,0.9711708268144459,0.2578354135796913
9351,inter,12,3050,0.982863421538903,0.184757698528222,0.9854822727703343,0.17164000373025834,0.9097041958651684,0.42207731598209325,0.9881093214906258,0.1537950103594918,0.8682258636972598,0.49630193916383003
9351,inter,12,5417,0.9943168186615703,0.10646044728265944,0.9953547769919272,0.09627648746685984,0.9665660351486398,0.25651577496834227,0.99623690109569,0.08667530065447801,0.9478180146170027,0.3209473405885908
9351,inter,12,6549,0.9890857782154425,0.1480959360523838,0.9899796110082826,0.14211153556667513,0.9351481005611099,0.35673516560268576,0.9945166437758567,0.10523386522641957,0.8983340352640778,0.4398873120707883
10107,inter,12,9351,0.9943319047535034,0.10687694358301063,0.9944113365777522,0.10664925505131387,0.9767078356618866,0.21539218117497086,0.996080917822653,0.08868984510312776,0.9598427608494126,0.2806358226567884
10107,inter,12,5677,0.9931357247195232,0.11725325305097926,0.9937105127427196,0.11208858508179562,0.9562501134466532,0.2929220201150679,0.9957224317985504,0.09320902356585005,0.9557503370342484,0.29653487634264697
10107,inter,12,4367,0.9947781861862387,0.10419623650295616,0.994842467894923,0.10161267129814908,0.9715665539111168,0.23922317689393374,0.9972266803124322,0.08151428074900163,0.9584544444534457,0.2949241922800642
10107,inter,12,12249,0.988267732187578,0.15444073810659795,0.98909489865441,0.14877222729688308,0.9235824669531666,0.38344627455139346,0.9935256373864237,0.11629364273024272,0.9173663833947592,0.40526932785493164
10107,inter,12,2961,0.9935437799637513,0.11449304524590642,0.9941799099160371,0.10846180577288611,0.9515905126955826,0.307765965477958,0.9967898745921692,0.08190001228319788,0.9474752786792093,0.3262076694239907
10107,inter,12,5739,0.9894981189318801,0.1521753371744813,0.9893801539059369,0.1557211374730309,0.9727443142166892,0.2740404345605129,0.9929153219892544,0.12283030447520174,0.9360411047803054,0.3636501000358685
10107,inter,12,3050,0.9863606636944596,0.16476778882961932,0.990398480335014,0.13824340551672765,0.899558880130343,0.439038327027369,0.9907327581805361,0.1368270577364722,0.8824836596839665,0.4734131604970985
10107,inter,12,5417,0.9932002389548688,0.11744297827104751,0.9944254119088601,0.10713842731082338,0.9566095642067242,0.29235102400900814,0.9958743237302764,0.09138459628187146,0.9313763140040512,0.3675271098248796
10107,inter,12,6549,0.9885438574239314,0.1539907666541506,0.9890446723834309,0.1517517962731526,0.9329577468650212,0.36820109865646844,0.994273889271907,0.10905874223642674,0.9151688812821832,0.4087685289546196
5677,inter,12,9351,0.9918570647106772,0.12752657295851985,0.9922257261603726,0.12446305246955319,0.9657365032630911,0.2603584130567742,0.9942715106173265,0.10754455138968647,0.9425321777930133,0.3519367226906022
5677,inter,12,10107,0.9931357247195232,0.11904565824999377,0.9937105127427196,0.11336073557520658,0.9562501134466532,0.3016707106122068,0.9957224317985504,0.09477943019033165,0.9557503370342484,0.3228658820728587
5677,inter,12,4367,0.994310381360983,0.10667015807693152,0.9948389932056557,0.10159827479285467,0.9593853579482076,0.28216259708050123,0.9969427273339952,0.07990709170571338,0.9606891498867134,0.27762916281510724
5677,inter,12,12249,0.9946365212487105,0.10444674450888736,0.9945448443140055,0.10545301033529136,0.9710907058153526,0.24013080221738067,0.9971110233751627,0.07691719137198853,0.9632704195118501,0.272683850837198
5677,inter,12,2961,0.9941576817694935,0.1079422248509874,0.9949333422678858,0.1005616324123611,0.9583730517995811,0.28557286129293863,0.9968275224804931,0.07959526542284269,0.9480606222092567,0.31838245655107245
5677,inter,12,5739,0.9820178895987295,0.19052900785338447,0.9828407072481959,0.1884811852502531,0.9345984913054786,0.3653076351780127,0.9877959676353485,0.15606128954995255,0.8786747456763745,0.47914492244054263
5677,inter,12,3050,0.9896007784476953,0.14390307834307728,0.9914037763015414,0.1311901877630819,0.9304792338523419,0.3686933878638268,0.9931783966551253,0.11663316656651643,0.9348299085760897,0.35658872343047604
5677,inter,12,5417,0.9957771862022812,0.09185438293692014,0.9963041736302836,0.08645091925884497,0.9828744489041035,0.1856217364676833,0.997340271713996,0.07301320989353881,0.9432641684441494,0.3324270665693655
5677,inter,12,6549,0.9867838877632117,0.16265635024265862,0.9871400694680396,0.16142797790386976,0.9278154663077002,0.37594484241785625,0.9924615548362384,0.12260922061785126,0.933452503241651,0.35887193807484874
4367,inter,12,9351,0.9882290274463831,0.15450993536920746,0.9875897186227764,0.15708214893339206,0.9502917722184363,0.31950011007850265,0.9930966416268255,0.12196055098370724,0.9208367144085478,0.4269666741113957
4367,inter,12,10107,0.9947781861862387,0.10700075864160259,0.994842467894923,0.10276502272248929,0.9715665539111168,0.255206043440924,0.9972266803124322,0.08456084429379945,0.9584544444534457,0.33380603119192137
4367,inter,12,5677,0.994310381360983,0.10789196492196895,0.9948389932056557,0.10159738246516056,0.9593853579482076,0.29228465758762356,0.9969427273339952,0.08152011789590304,0.9606891498867134,0.28860409485628624
4367,inter,12,12249,0.9849949470080657,0.17269983235447595,0.9851232655512244,0.17195723925821127,0.9015160163814582,0.4396139199715702,0.9926394313768785,0.12172439081574703,0.9029495105496096,0.4325456027271467
4367,inter,12,2961,0.9895110652818758,0.14522840381471125,0.9904809734186124,0.13766901509401525,0.9177089787827014,0.4053833536014107,0.9950604658944648,0.1014847065453077,0.9230289198855491,0.3923018334800686
4367,inter,12,5739,0.9786596405781035,0.20580365384227217,0.9778505721430439,0.21201019708103758,0.9186448424935448,0.3967868420847986,0.9878038691179633,0.15602082362309008,0.8535246247886095,0.5309613082529925
4367,inter,12,3050,0.9837500157645612,0.18082339608252934,0.9874651873235697,0.15841789758174374,0.8638359426185029,0.5236936999652217,0.9909333652893453,0.13578727427099177,0.8741880570578913,0.48974980567098814
4367,inter,12,5417,0.9892600275841719,0.14691013233969832,0.9904583132712342,0.1378692680349568,0.9355444711566143,0.35818331469662984,0.9943247395604079,0.10989933910999254,0.8860963919592817,0.47661882412033707
4367,inter,12,6549,0.9818732284063335,0.18954852228481406,0.9824170582067324,0.18754063641235394,0.8875000232031249,0.46150065994302075,0.9909219629572859,0.1356260733208934,0.8982548933280727,0.4436311732698187
12249,inter,12,9351,0.9918960432968581,0.12985544732681614,0.9930836533435323,0.11886278551808889,0.9460567919117273,0.3384684089309087,0.9954033267564201,0.09926613284695149,0.9290592063598211,0.4308037548766123
12249,inter,12,10107,0.988267732187578,0.15998385958698527,0.98909489865441,0.15367830697531526,0.9235824669531666,0.4178738670118209,0.9935256373864237,0.12005444568533549,0.9173663833947592,0.4817867518018203
12249,inter,12,5677,0.9946365212487105,0.10656646241386213,0.9945448443140055,0.10770811269341007,0.9710907058153526,0.2541016209132796,0.9971110233751627,0.07808894494192638,0.9632704195118501,0.2977310716838226
12249,inter,12,4367,0.9849949470080657,0.1742093230926439,0.9851232655512244,0.17563607067076847,0.9015160163814582,0.44908073413798627,0.9926394313768785,0.12113350188967088,0.9029495105496096,0.45431726186413235
12249,inter,12,2961,0.9953548887779157,0.09791897295739513,0.9960680860243203,0.09038783435946786,0.9709245786735513,0.24436246121558314,0.9971782564103244,0.07637014628445997,0.9604326773140642,0.2925751972624101
12249,inter,12,5739,0.9840916300663504,0.17785891648334415,0.9858897662998873,0.1687838401437178,0.9217353060401571,0.3883777506531332,0.9899990658888039,0.1411043486045911,0.881053478641701,0.48866403810559034
12249,inter,12,3050,0.9879492232502496,0.1569570630578618,0.988451629226533,0.15529938486167746,0.9460869232698621,0.3342532142070999,0.9917062711008466,0.12928507975082895,0.9350772763108393,0.35795804238767837
12249,inter,12,5417,0.9947219682347573,0.10418817588437394,0.9958449564393137,0.09182124146489677,0.9678511804008625,0.2561772554054522,0.9969300936835847,0.08080783285519182,0.9335852198902324,0.37597643761721644
12249,inter,12,6549,0.9914199987829772,0.13071885653709328,0.9923558568141048,0.12361075920064209,0.9530503189048836,0.3035131889463927,0.994805644860006,0.1022010763594685,0.9421285386851056,0.34148979436007404
2961,inter,12,9351,0.9936313077061829,0.11329664769155662,0.994614545929021,0.1036874224416258,0.9578241037228565,0.2947644047255315,0.9961938166549182,0.0882824935410597,0.9463644210559327,0.3556625135370936
2961,inter,12,10107,0.9935437799637513,0.11705374206083077,0.9941799099160371,0.11049156191562033,0.9515905126955826,0.3288253658298694,0.9967898745921692,0.08361126706300345,0.9474752786792093,0.3693132739763879
2961,inter,12,5677,0.9941576817694935,0.10869483320309616,0.9949333422678858,0.10129390836735021,0.9583730517995811,0.29626512260620247,0.9968275224804931,0.07991198862618978,0.9480606222092567,0.3310575556089333
2961,inter,12,4367,0.9895110652818758,0.14458489882997666,0.9904809734186124,0.13867271984711002,0.9177089787827014,0.40599709929125266,0.9950604658944648,0.09987247868862345,0.9230289198855491,0.3924075072057896
2961,inter,12,12249,0.9953548887779157,0.09664040552643434,0.9960680860243203,0.08913978059003698,0.9709245786735513,0.2395733588729457,0.9971782564103244,0.07552351384650155,0.9604326773140642,0.2786295278919729
2961,inter,12,5739,0.9885187293121261,0.1532405260921035,0.9892358048949854,0.15125025295275296,0.9514025289636843,0.31539785850214536,0.9928896107408987,0.1195451203731555,0.9132512782414253,0.40962103518406473
2961,inter,12,3050,0.9888781982640364,0.1492024805662477,0.9905323923021089,0.13842649111799887,0.9437443160080875,0.33694260970066586,0.9922452807344553,0.12431658932540782,0.9119855681649602,0.41105625747076613
2961,inter,12,5417,0.9954713398567084,0.09515030342000208,0.9971634041593077,0.07534624027611862,0.9600762118323624,0.2821048081355197,0.9977154480425346,0.0680196208233041,0.9318848681002858,0.36862579322167494
2961,inter,12,6549,0.9941389225136253,0.10910434698366865,0.9942926337806103,0.10905157614307395,0.9756112809311351,0.22794514209154784,0.9966795390999155,0.08151589353771306,0.9497905938558694,0.3130246313022583
5739,inter,12,9351,0.9948633653877064,0.11255742882009669,0.9952818785978113,0.11094084184466195,0.9800335572716777,0.2673548411034303,0.996678931098986,0.0875441821308375,0.9711708268144459,0.2953689584461147
5739,inter,12,10107,0.9894981189318801,0.16155857927407685,0.9893801539059369,0.16681382411299076,0.9727443142166892,0.33148827671252923,0.9929153219892544,0.1277088245123095,0.9360411047803054,0.4307057377128658
5739,inter,12,5677,0.9820178895987295,0.19923158885461834,0.9828407072481959,0.1996416758948021,0.9345984913054786,0.42907296360562946,0.9877959676353485,0.15957117219128608,0.8786747456763745,0.5212156662977256
5739,inter,12,4367,0.9786596405781035,0.2127668723847552,0.9778505721430439,0.22456587772857964,0.9186448424935448,0.44990734920216574,0.9878038691179633,0.15637320432428395,0.8535246247886095,0.5556176587248098
5739,inter,12,12249,0.9840916300663504,0.18228338869663596,0.9858897662998873,0.17503489254252733,0.9217353060401571,0.4310892361184433,0.9899990658888039,0.1421129009555388,0.881053478641701,0.4868511587228582
5739,inter,12,2961,0.9885187293121261,0.15913041362055427,0.9892358048949854,0.1590480315883323,0.9514025289636843,0.3570816608043672,0.9928896107408987,0.12174927809383655,0.9132512782414253,0.4285272527868798
5739,inter,12,3050,0.9751960155906956,0.23042138634003492,0.9787371257435699,0.22073814818372223,0.8968154373955511,0.5056588072201933,0.9824108764533847,0.1892037792804416,0.8110162566163692,0.6093464429952796
5739,inter,12,5417,0.9899899670701713,0.14908131115567205,0.9912383002951686,0.14257902492474336,0.9515943962604788,0.3545027401516107,0.993324740876989,0.11941116531675573,0.9356299199918809,0.36908315578055717
5739,inter,12,6549,0.9869853817211366,0.16360433983981137,0.988610772120306,0.15411305803892575,0.9340178490136191,0.37121956163905817,0.9928976217958215,0.12035871232206474,0.8520909205013154,0.5448168063105739
3050,inter,12,9351,0.982863421538903,0.18561838895591626,0.9854822727703343,0.1698240898791046,0.9097041958651684,0.4283852317683396,0.9881093214906258,0.15621235210047618,0.8682258636972598,0.5792905428308501
3050,inter,12,10107,0.9863606636944596,0.16832282441076413,0.990398480335014,0.13966967944869682,0.899558880130343,0.4651613244829083,0.9907327581805361,0.1404507430826947,0.8824836596839665,0.5713016190917621
3050,inter,12,5677,0.9896007784476953,0.14479451831485343,0.9914037763015414,0.13105626839376838,0.9304792338523419,0.3793022220665474,0.9931783966551253,0.11773836074170622,0.9348299085760897,0.3952267744503696
3050,inter,12,4367,0.9837500157645612,0.1798831540576154,0.9874651873235697,0.15825757403867596,0.8638359426185029,0.5201047403024606,0.9909333652893453,0.1343617073976483,0.8741880570578913,0.5221744522752574
3050,inter,12,12249,0.9879492232502496,0.15478798927422077,0.988451629226533,0.15189264531537755,0.9460869232698621,0.3249646094724598,0.9917062711008466,0.12855180774691166,0.9350772763108393,0.3633675452131149
3050,inter,12,2961,0.9888781982640364,0.14908726390976948,0.9905323923021089,0.1372854908731074,0.9437443160080875,0.33412762085226727,0.9922452807344553,0.12499720488227521,0.9119855681649602,0.4381528509411967
3050,inter,12,5739,0.9751960155906956,0.22172145959079012,0.9787371257435699,0.20818557601661256,0.8968154373955511,0.4428995236033968,0.9824108764533847,0.18679553069689842,0.8110162566163692,0.6208582586200386
3050,inter,12,5417,0.9880014610331102,0.15482203615575185,0.9906928059021183,0.13621475063850366,0.9343292139055732,0.36046126575226856,0.9917132967570059,0.1299338796819304,0.884095510030539,0.5004411155312063
3050,inter,12,6549,0.9868189548377381,0.16203154168926845,0.9874071327404335,0.1599660252863049,0.9429274093085964,0.3349825153637221,0.990934017752183,0.13454796267587152,0.9505184619841824,0.31885773638209963
5417,inter,12,9351,0.9943168186615703,0.10708357643957549,0.9953547769919272,0.09665918314383964,0.9665660351486398,0.26345531643956543,0.99623690109569,0.08706635034866642,0.9478180146170027,0.3523574762609658
5417,inter,12,10107,0.9932002389548688,0.12011960027123818,0.9944254119088601,0.1098360946536514,0.9566095642067242,0.3134412809620239,0.9958743237302764,0.09276986143826915,0.9313763140040512,0.4171706540812669
5417,inter,12,5677,0.9957771862022812,0.09253329901054738,0.9963041736302836,0.08763309756120288,0.9828744489041035,0.19324100145533057,0.997340271713996,0.07289189102747048,0.9432641684441494,0.3465567586310326
5417,inter,12,4367,0.9892600275841719,0.14632001874521927,0.9904583132712342,0.13975579710606345,0.9355444711566143,0.35997241719599243,0.9943247395604079,0.10754578191801575,0.8860963919592817,0.4779822632061478
5417,inter,12,12249,0.9947219682347573,0.10287052479135582,0.9958449564393137,0.09112809120440256,0.9678511804008625,0.25202954371736574,0.9969300936835847,0.07946302571757438,0.9335852198902324,0.3589829995907063
5417,inter,12,2961,0.9954713398567084,0.0951898854832108,0.9971634041593077,0.07582442396628665,0.9600762118323624,0.28308531553290534,0.9977154480425346,0.0676374582736112,0.9318848681002858,0.3695807487860404
5417,inter,12,5739,0.9899899670701713,0.143623092311708,0.9912383002951686,0.1364491972143044,0.9515943962604788,0.31420829363072816,0.993324740876989,0.11659058136690958,0.9356299199918809,0.3537135119748961
5417,inter,12,3050,0.9880014610331102,0.15500613970875918,0.9906928059021183,0.13821852136540438,0.9343292139055732,0.3647615175634577,0.9917132967570059,0.1285003360757193,0.884095510030539,0.47070870112565105
5417,inter,12,6549,0.9906393994244646,0.136930795905625,0.992509007980957,0.12304514018262966,0.9427849301922916,0.3343715336460192,0.9948867809666679,0.10128635555392375,0.8894793529068494,0.46262879313397204
6549,inter,12,9351,0.9890857782154425,0.15202595891775147,0.9899796110082826,0.14590406119771956,0.9351481005611099,0.399401288042523,0.9945166437758567,0.10707618315485931,0.8983340352640778,0.5022318399640318
6549,inter,12,10107,0.9885438574239314,0.16073910011049453,0.9890446723834309,0.15909217562812733,0.9329577468650212,0.4303356285994375,0.994273889271907,0.11214418818993335,0.9151688812821832,0.4825195570051236
6549,inter,12,5677,0.9867838877632117,0.1672280842047424,0.9871400694680396,0.1673372081266428,0.9278154663077002,0.42664359411641023,0.9924615548362384,0.1239890360332422,0.933452503241651,0.38907255157849047
6549,inter,12,4367,0.9818732284063335,0.19266926048812671,0.9824170582067324,0.19440745369617546,0.8875000232031249,0.5055997485536471,0.9909219629572859,0.1344385640864386,0.8982548933280727,0.4626746908962811
6549,inter,12,12249,0.9914199987829772,0.13171971742624494,0.9923558568141048,0.1254528557577951,0.9530503189048836,0.3255060779260203,0.994805644860006,0.10180039988270458,0.9421285386851056,0.3390814876703771
6549,inter,12,2961,0.9941389225136253,0.11139423373532262,0.9942926337806103,0.11222630010272722,0.9756112809311351,0.24934912260381784,0.9966795390999155,0.0821065382985199,0.9497905938558694,0.3263737571118092
6549,inter,12,5739,0.9869853817211366,0.1608555013278057,0.988610772120306,0.15082382395474203,0.9340178490136191,0.35867371500630296,0.9928976217958215,0.11903603169339892,0.8520909205013154,0.542988983483406
6549,inter,12,3050,0.9868189548377381,0.16556011498769838,0.9874071327404335,0.16599118363152587,0.9429274093085964,0.36952446729334804,0.990934017752183,0.13478493692245314,0.9505184619841824,0.31189563647625235
6549,inter,12,5417,0.9906393994244646,0.13974657147662933,0.992509007980957,0.12582867698123917,0.9427849301922916,0.36450202626518213,0.9948867809666679,0.10259668325899143,0.8894793529068494,0.48111152029533094
