spk,d,vec,min,max,std,norm,finite
9351,2,gamma_enc,0.15335531532764435,2.495678424835205,0.42606261372566223,18.209735870361328,True
9351,2,beta_enc,-0.7762241363525391,0.8576857447624207,0.2947860360145569,4.74730110168457,True
9351,2,gamma_df,0.15402531623840332,3.2951669692993164,0.41988787055015564,18.505922317504883,True
9351,2,beta_df,-0.8708353638648987,0.45911407470703125,0.159575417637825,2.575298309326172,True
9351,4,gamma_enc,0.14739419519901276,2.670687198638916,0.45115867257118225,18.452199935913086,True
9351,4,beta_enc,-0.8050680756568909,0.8864906430244446,0.3022686243057251,4.870560169219971,True
9351,4,gamma_df,0.15109507739543915,3.2515952587127686,0.4308265745639801,18.581811904907227,True
9351,4,beta_df,-0.8039937019348145,0.45220914483070374,0.16082192957401276,2.595634698867798,True
9351,6,gamma_enc,0.1491403579711914,2.6568236351013184,0.4503200054168701,18.465511322021484,True
9351,6,beta_enc,-0.8024117946624756,0.8735551238059998,0.3013295829296112,4.8561248779296875,True
9351,6,gamma_df,0.15153029561042786,3.2160258293151855,0.4300442337989807,18.587852478027344,True
9351,6,beta_df,-0.7835623025894165,0.43764862418174744,0.15903139114379883,2.5677764415740967,True
9351,8,gamma_enc,0.1515297144651413,2.6625518798828125,0.4454277753829956,18.392723083496094,True
9351,8,beta_enc,-0.7730100750923157,0.8829291462898254,0.30077114701271057,4.8464860916137695,True
9351,8,gamma_df,0.15343905985355377,3.1813764572143555,0.42228737473487854,18.44932746887207,True
9351,8,beta_df,-0.7575320601463318,0.40332964062690735,0.1549266278743744,2.5030369758605957,True
9351,10,gamma_enc,0.1533375084400177,2.6139283180236816,0.4389483630657196,18.347885131835938,True
9351,10,beta_enc,-0.7727934718132019,0.866420567035675,0.297519713640213,4.79526948928833,True
9351,10,gamma_df,0.15455763041973114,3.1804158687591553,0.4188145399093628,18.437110900878906,True
9351,10,beta_df,-0.7508894205093384,0.3942708671092987,0.15322385728359222,2.4763762950897217,True
9351,12,gamma_enc,0.15230980515480042,2.634385824203491,0.4448482096195221,18.41819190979004,True
9351,12,beta_enc,-0.7795853018760681,0.861204981803894,0.2996656894683838,4.83211088180542,True
9351,12,gamma_df,0.1537342667579651,3.2014803886413574,0.4234968423843384,18.491928100585938,True
9351,12,beta_df,-0.7402749061584473,0.39355772733688354,0.15382109582424164,2.486161947250366,True
9351,15,gamma_enc,0.15075337886810303,2.6491446495056152,0.4462141692638397,18.436708450317383,True
9351,15,beta_enc,-0.7830333113670349,0.8691397309303284,0.3014187514781952,4.860330581665039,True
9351,15,gamma_df,0.1532002091407776,3.2283031940460205,0.42413413524627686,18.500505447387695,True
9351,15,beta_df,-0.7608017921447754,0.401942640542984,0.15523864328861237,2.508148670196533,True
9351,20,gamma_enc,0.14911575615406036,2.71247935295105,0.45220163464546204,18.492828369140625,True
9351,20,beta_enc,-0.7779664397239685,0.8648486137390137,0.30546876788139343,4.9280266761779785,True
9351,20,gamma_df,0.15026681125164032,3.2827723026275635,0.42968541383743286,18.575817108154297,True
9351,20,beta_df,-0.748026967048645,0.4055514335632324,0.15732261538505554,2.5415000915527344,True
9351,30,gamma_enc,0.14523199200630188,2.7241828441619873,0.45566821098327637,18.52843475341797,True
9351,30,beta_enc,-0.7788355946540833,0.863701581954956,0.31006863713264465,5.002682685852051,True
9351,30,gamma_df,0.14750586450099945,3.4007437229156494,0.44004103541374207,18.729093551635742,True
9351,30,beta_df,-0.7946745753288269,0.42488333582878113,0.16182081401348114,2.6154379844665527,True
9351,45,gamma_enc,0.14030246436595917,2.752614736557007,0.46223708987236023,18.58452033996582,True
9351,45,beta_enc,-0.8008368015289307,0.8826618194580078,0.31459346413612366,5.071974277496338,True
9351,45,gamma_df,0.14687111973762512,3.504779100418091,0.4466428756713867,18.801179885864258,True
9351,45,beta_df,-0.7992898225784302,0.4295269846916199,0.16330040991306305,2.640413284301758,True
9351,60,gamma_enc,0.13891339302062988,2.8175346851348877,0.4618613123893738,18.578571319580078,True
9351,60,beta_enc,-0.8054174184799194,0.9119597673416138,0.3156711757183075,5.086770534515381,True
9351,60,gamma_df,0.14963674545288086,3.558095693588257,0.4464661478996277,18.758522033691406,True
9351,60,beta_df,-0.8196456432342529,0.47827786207199097,0.16456641256809235,2.6607167720794678,True
9351,90,gamma_enc,0.14693312346935272,2.6875147819519043,0.44177576899528503,18.406320571899414,True
9351,90,beta_enc,-0.7749144434928894,0.860832154750824,0.30463260412216187,4.917562484741211,True
9351,90,gamma_df,0.153049498796463,3.455335855484009,0.44163253903388977,18.74112319946289,True
9351,90,beta_df,-0.8110784888267517,0.49354055523872375,0.16141118109226227,2.608365058898926,True
10107,2,gamma_enc,0.13808785378932953,2.668138027191162,0.44459131360054016,18.34942626953125,True
10107,2,beta_enc,-0.8392695784568787,0.8798080086708069,0.3096725344657898,4.979081153869629,True
10107,2,gamma_df,0.14579306542873383,3.4806437492370605,0.4309755861759186,18.57163429260254,True
10107,2,beta_df,-0.8382859826087952,0.4736970365047455,0.16350844502449036,2.63521146774292,True
10107,4,gamma_enc,0.15458810329437256,2.415799140930176,0.42532628774642944,18.161579132080078,True
10107,4,beta_enc,-0.7835792303085327,0.8281956315040588,0.298937052488327,4.818373203277588,True
10107,4,gamma_df,0.14694175124168396,3.1576075553894043,0.41808491945266724,18.551822662353516,True
10107,4,beta_df,-0.7715553045272827,0.40520358085632324,0.15614861249923706,2.5243537425994873,True
10107,6,gamma_enc,0.16064584255218506,2.335853099822998,0.40895164012908936,18.024675369262695,True
10107,6,beta_enc,-0.7569764852523804,0.7990747094154358,0.28798776865005493,4.642409324645996,True
10107,6,gamma_df,0.15151555836200714,3.0793070793151855,0.40054863691329956,18.33053970336914,True
10107,6,beta_df,-0.7728626728057861,0.4061559736728668,0.14931534230709076,2.414273738861084,True
10107,8,gamma_enc,0.1630251556634903,2.3328919410705566,0.40576159954071045,18.006505966186523,True
10107,8,beta_enc,-0.7499581575393677,0.802453875541687,0.28397855162620544,4.578073978424072,True
10107,8,gamma_df,0.1530279517173767,3.0192503929138184,0.3940432369709015,18.266311645507812,True
10107,8,beta_df,-0.767739474773407,0.4040664732456207,0.14744605123996735,2.3830411434173584,True
10107,10,gamma_enc,0.16407379508018494,2.3359758853912354,0.4043028950691223,17.98999786376953,True
10107,10,beta_enc,-0.7461551427841187,0.7930571436882019,0.28336676955223083,4.567501068115234,True
10107,10,gamma_df,0.1534288376569748,3.026085615158081,0.392333060503006,18.240413665771484,True
10107,10,beta_df,-0.7669950723648071,0.4059731960296631,0.14726652204990387,2.3799567222595215,True
10107,12,gamma_enc,0.16279242932796478,2.3394699096679688,0.4089629352092743,18.03723907470703,True
10107,12,beta_enc,-0.7528233528137207,0.7917245030403137,0.2871646583080292,4.628904342651367,True
10107,12,gamma_df,0.15121808648109436,3.0264134407043457,0.3961219787597656,18.297985076904297,True
10107,12,beta_df,-0.772582471370697,0.4140487611293793,0.14879921078681946,2.404665946960449,True
10107,15,gamma_enc,0.16028225421905518,2.3933067321777344,0.41281241178512573,18.06210708618164,True
10107,15,beta_enc,-0.752723217010498,0.7897663116455078,0.2884638011455536,4.649264812469482,True
10107,15,gamma_df,0.15138833224773407,3.07877516746521,0.3973619341850281,18.2734317779541,True
10107,15,beta_df,-0.7567543983459473,0.4136248826980591,0.14901620149612427,2.4074816703796387,True
10107,20,gamma_enc,0.16017387807369232,2.3896937370300293,0.41356635093688965,18.06631088256836,True
10107,20,beta_enc,-0.7618902325630188,0.7849259376525879,0.28859633207321167,4.652482032775879,True
10107,20,gamma_df,0.1509469747543335,3.097414255142212,0.40033674240112305,18.30426788330078,True
10107,20,beta_df,-0.7508581876754761,0.41051602363586426,0.14924873411655426,2.4123752117156982,True
10107,30,gamma_enc,0.16445666551589966,2.290994167327881,0.40266287326812744,17.97988510131836,True
10107,30,beta_enc,-0.7573851346969604,0.7803676128387451,0.2805311679840088,4.5237298011779785,True
10107,30,gamma_df,0.1531684398651123,3.021209716796875,0.39409130811691284,18.276966094970703,True
10107,30,beta_df,-0.7561290264129639,0.3979886770248413,0.1463163197040558,2.3656787872314453,True
10107,45,gamma_enc,0.16372573375701904,2.2892863750457764,0.40141332149505615,17.96825408935547,True
10107,45,beta_enc,-0.7637035846710205,0.7839235067367554,0.27930277585983276,4.504432678222656,True
10107,45,gamma_df,0.15480221807956696,3.0400631427764893,0.39392605423927307,18.25998306274414,True
10107,45,beta_df,-0.7447231411933899,0.38722795248031616,0.14567068219184875,2.3552920818328857,True
10107,60,gamma_enc,0.16138556599617004,2.2926084995269775,0.40373653173446655,17.974910736083984,True
10107,60,beta_enc,-0.7746545076370239,0.7872788906097412,0.28092116117477417,4.5304179191589355,True
10107,60,gamma_df,0.15419338643550873,3.0826849937438965,0.3990478813648224,18.297466278076172,True
10107,60,beta_df,-0.7482326030731201,0.38937702775001526,0.14721038937568665,2.380749225616455,True
10107,90,gamma_enc,0.1604149043560028,2.2729899883270264,0.4038070738315582,17.97293472290039,True
10107,90,beta_enc,-0.7803509831428528,0.7891349792480469,0.2808357775211334,4.5291619300842285,True
10107,90,gamma_df,0.1538514643907547,3.093808174133301,0.4021938443183899,18.335634231567383,True
10107,90,beta_df,-0.7564486861228943,0.38996952772140503,0.14812543988227844,2.395480155944824,True
5677,2,gamma_enc,0.14851804077625275,2.437807083129883,0.42940759658813477,18.294288635253906,True
5677,2,beta_enc,-0.7893686294555664,0.9081875085830688,0.30263206362724304,4.879461288452148,True
5677,2,gamma_df,0.15237751603126526,3.246767044067383,0.43294915556907654,18.6979923248291,True
5677,2,beta_df,-0.9302992224693298,0.6494568586349487,0.16451556980609894,2.6575071811676025,True
5677,4,gamma_enc,0.1494753062725067,2.5301871299743652,0.43265706300735474,18.34078598022461,True
5677,4,beta_enc,-0.7750105857849121,0.919131338596344,0.3015436828136444,4.860620498657227,True
5677,4,gamma_df,0.15640151500701904,3.287782907485962,0.4349272549152374,18.67339324951172,True
5677,4,beta_df,-0.9296954870223999,0.6805595755577087,0.16538189351558685,2.6687750816345215,True
5677,6,gamma_enc,0.14714716374874115,2.476771593093872,0.4429042339324951,18.476865768432617,True
5677,6,beta_enc,-0.7847037315368652,0.9495888948440552,0.31064319610595703,5.009570598602295,True
5677,6,gamma_df,0.15096378326416016,3.314624547958374,0.44950252771377563,18.928659439086914,True
5677,6,beta_df,-0.9737061858177185,0.6856335997581482,0.17071698606014252,2.755302906036377,True
5677,8,gamma_enc,0.14966216683387756,2.375638008117676,0.4273317754268646,18.282907485961914,True
5677,8,beta_enc,-0.7706915736198425,0.9105509519577026,0.3026619255542755,4.881584167480469,True
5677,8,gamma_df,0.1512681096792221,3.255915403366089,0.43630075454711914,18.783329010009766,True
5677,8,beta_df,-0.9370913505554199,0.6402950286865234,0.16527533531188965,2.670335292816162,True
5677,10,gamma_enc,0.15060561895370483,2.440765380859375,0.4255014657974243,18.26879119873047,True
5677,10,beta_enc,-0.7626805901527405,0.9120683670043945,0.299378901720047,4.827709674835205,True
5677,10,gamma_df,0.15506403148174286,3.2602152824401855,0.4335123598575592,18.703947067260742,True
5677,10,beta_df,-0.9268232583999634,0.6522783041000366,0.16417233645915985,2.6511471271514893,True
5677,12,gamma_enc,0.15259718894958496,2.482215642929077,0.42255258560180664,18.241952896118164,True
5677,12,beta_enc,-0.7521321177482605,0.8851868510246277,0.2956967055797577,4.767155647277832,True
5677,12,gamma_df,0.15885451436042786,3.2583673000335693,0.4280073046684265,18.606273651123047,True
5677,12,beta_df,-0.9102501273155212,0.6424037218093872,0.16216793656349182,2.618189811706543,True
5677,15,gamma_enc,0.15109561383724213,2.4907100200653076,0.4295137822628021,18.319177627563477,True
5677,15,beta_enc,-0.7606205940246582,0.8956697583198547,0.3004978597164154,4.847776412963867,True
5677,15,gamma_df,0.15499016642570496,3.3139572143554688,0.4354175925254822,18.7146053314209,True
5677,15,beta_df,-0.9164125323295593,0.6362693905830383,0.16426460444927216,2.651423931121826,True
5677,20,gamma_enc,0.15179549157619476,2.5048274993896484,0.42549195885658264,18.274293899536133,True
5677,20,beta_enc,-0.7538481950759888,0.8761581182479858,0.29806602001190186,4.808790683746338,True
5677,20,gamma_df,0.1573384702205658,3.2913310527801514,0.4300691783428192,18.63141632080078,True
5677,20,beta_df,-0.8973496556282043,0.6306177973747253,0.1628507375717163,2.628662347793579,True
5677,30,gamma_enc,0.1563621610403061,2.470820188522339,0.4103635251522064,18.11256980895996,True
5677,30,beta_enc,-0.727830171585083,0.846225917339325,0.28708764910697937,4.6323747634887695,True
5677,30,gamma_df,0.16268770396709442,3.2361276149749756,0.41637513041496277,18.445556640625,True
5677,30,beta_df,-0.8445587158203125,0.5812182426452637,0.1565559208393097,2.5284781455993652,True
5677,45,gamma_enc,0.155717670917511,2.426172971725464,0.4092855453491211,18.077550888061523,True
5677,45,beta_enc,-0.7326196432113647,0.8468537330627441,0.2887542247772217,4.6588311195373535,True
5677,45,gamma_df,0.15948745608329773,3.2423763275146484,0.41518694162368774,18.447477340698242,True
5677,45,beta_df,-0.8441049456596375,0.5413287281990051,0.15578539669513702,2.5169150829315186,True
5677,60,gamma_enc,0.15476298332214355,2.5055229663848877,0.4165973663330078,18.16621208190918,True
5677,60,beta_enc,-0.7383853197097778,0.8592857718467712,0.29117271304130554,4.698996543884277,True
5677,60,gamma_df,0.1606884002685547,3.290177345275879,0.4211196005344391,18.484617233276367,True
5677,60,beta_df,-0.844957709312439,0.5711982846260071,0.15809549391269684,2.5516955852508545,True
5677,90,gamma_enc,0.15547633171081543,2.504972219467163,0.41418319940567017,18.132070541381836,True
5677,90,beta_enc,-0.7331740856170654,0.8551685810089111,0.28979799151420593,4.675680637359619,True
5677,90,gamma_df,0.16122190654277802,3.287365198135376,0.41844072937965393,18.44443130493164,True
5677,90,beta_df,-0.8398076891899109,0.5638110041618347,0.15720829367637634,2.5376296043395996,True
4367,2,gamma_enc,0.1513778269290924,2.443937301635742,0.41464003920555115,18.078561782836914,True
4367,2,beta_enc,-0.7732164859771729,0.895731508731842,0.29107773303985596,4.686437606811523,True
4367,2,gamma_df,0.15501511096954346,3.305610418319702,0.4156523048877716,18.47345542907715,True
4367,2,beta_df,-0.9020587205886841,0.605435848236084,0.16072341799736023,2.5903003215789795,True
4367,4,gamma_enc,0.15064367651939392,2.3409295082092285,0.4289794862270355,18.326377868652344,True
4367,4,beta_enc,-0.7840492725372314,0.933973491191864,0.3055974245071411,4.934932231903076,True
4367,4,gamma_df,0.14491283893585205,3.2322914600372314,0.4530700743198395,19.116140365600586,True
4367,4,beta_df,-0.9747442007064819,0.6698207855224609,0.1695232093334198,2.735280990600586,True
4367,6,gamma_enc,0.15434549748897552,2.159151315689087,0.4142588675022125,18.176198959350586,True
4367,6,beta_enc,-0.7713809609413147,0.8570361137390137,0.2996682822704315,4.840725421905518,True
4367,6,gamma_df,0.14617489278316498,3.1185545921325684,0.4352736175060272,18.926420211791992,True
4367,6,beta_df,-0.9210559725761414,0.5631879568099976,0.16304613649845123,2.6332664489746094,True
4367,8,gamma_enc,0.154597669839859,2.1550633907318115,0.41206789016723633,18.148605346679688,True
4367,8,beta_enc,-0.7683006525039673,0.8526378273963928,0.29752352833747864,4.804494380950928,True
4367,8,gamma_df,0.14749395847320557,3.1275038719177246,0.4323368966579437,18.873859405517578,True
4367,8,beta_df,-0.9321936368942261,0.5830310583114624,0.1629418581724167,2.630363702774048,True
4367,10,gamma_enc,0.15153156220912933,2.1885437965393066,0.42107757925987244,18.238840103149414,True
4367,10,beta_enc,-0.7759095430374146,0.8923519253730774,0.3051723539829254,4.928234100341797,True
4367,10,gamma_df,0.144819438457489,3.1318278312683105,0.4414083957672119,18.991044998168945,True
4367,10,beta_df,-0.9576908946037292,0.614163339138031,0.1676899939775467,2.7077581882476807,True
4367,12,gamma_enc,0.15204590559005737,2.164515495300293,0.42148199677467346,18.241792678833008,True
4367,12,beta_enc,-0.7716326713562012,0.8752811551094055,0.30586710572242737,4.938168525695801,True
4367,12,gamma_df,0.14438702166080475,3.0989933013916016,0.438601016998291,18.98186492919922,True
4367,12,beta_df,-0.9789403080940247,0.6132513284683228,0.16855677962303162,2.721689224243164,True
4367,15,gamma_enc,0.15121203660964966,2.2223851680755615,0.4243232011795044,18.25179100036621,True
4367,15,beta_enc,-0.787001371383667,0.8636013865470886,0.30412203073501587,4.909250259399414,True
4367,15,gamma_df,0.14524981379508972,3.1694540977478027,0.43769001960754395,18.9208984375,True
4367,15,beta_df,-0.9279626607894897,0.590758740901947,0.16429978609085083,2.6530919075012207,True
4367,20,gamma_enc,0.14942409098148346,2.2547833919525146,0.4303944408893585,18.302091598510742,True
4367,20,beta_enc,-0.7977592349052429,0.861951470375061,0.30815941095352173,4.971503734588623,True
4367,20,gamma_df,0.14485526084899902,3.1757657527923584,0.43750715255737305,18.903766632080078,True
4367,20,beta_df,-0.9345133900642395,0.5950548052787781,0.16508528590202332,2.6654787063598633,True
4367,30,gamma_enc,0.15050627291202545,2.2515194416046143,0.4280638098716736,18.282146453857422,True
4367,30,beta_enc,-0.7861414551734924,0.8566945791244507,0.30600959062576294,4.9376726150512695,True
4367,30,gamma_df,0.14568857848644257,3.140888214111328,0.4333857595920563,18.8592472076416,True
4367,30,beta_df,-0.9366649389266968,0.5979389548301697,0.1644335240125656,2.6557464599609375,True
4367,45,gamma_enc,0.15043044090270996,2.264286756515503,0.441781222820282,18.423871994018555,True
4367,45,beta_enc,-0.8186715841293335,0.8464176654815674,0.3175365626811981,5.122560024261475,True
4367,45,gamma_df,0.13851629197597504,3.0876305103302,0.4408073127269745,19.04910659790039,True
4367,45,beta_df,-0.9635146260261536,0.5491679906845093,0.16912831366062164,2.7325568199157715,True
4367,60,gamma_enc,0.14994625747203827,2.2864527702331543,0.4446699619293213,18.474281311035156,True
4367,60,beta_enc,-0.8022011518478394,0.8562031984329224,0.3187560737133026,5.145357131958008,True
4367,60,gamma_df,0.137287437915802,3.1490728855133057,0.4462565779685974,19.12519073486328,True
4367,60,beta_df,-0.9533735513687134,0.547808825969696,0.16934864223003387,2.736889123916626,True
4367,90,gamma_enc,0.14923222362995148,2.313958168029785,0.4496425688266754,18.518329620361328,True
4367,90,beta_enc,-0.8201822638511658,0.8706527352333069,0.321704238653183,5.19174861907959,True
4367,90,gamma_df,0.13632488250732422,3.1608285903930664,0.44735413789749146,19.148460388183594,True
4367,90,beta_df,-0.9524917006492615,0.533530056476593,0.17005233466625214,2.748277187347412,True
12249,2,gamma_enc,0.12160377949476242,3.1229166984558105,0.5205729603767395,19.316085815429688,True
12249,2,beta_enc,-0.8482319116592407,0.9853577613830566,0.34780722856521606,5.593052864074707,True
12249,2,gamma_df,0.14495594799518585,4.205010890960693,0.5042516589164734,19.564760208129883,True
12249,2,beta_df,-1.039649486541748,0.7539839744567871,0.19517730176448822,3.1382884979248047,True
12249,4,gamma_enc,0.13573603332042694,2.788266897201538,0.4576033055782318,18.5784854888916,True
12249,4,beta_enc,-0.7559939622879028,0.9315432906150818,0.3108581304550171,4.999941825866699,True
12249,4,gamma_df,0.15573489665985107,3.644336223602295,0.4424293637275696,18.754066467285156,True
12249,4,beta_df,-0.9549003839492798,0.609144389629364,0.17256999015808105,2.776787519454956,True
12249,6,gamma_enc,0.13906630873680115,2.7541556358337402,0.4488784074783325,18.499971389770508,True
12249,6,beta_enc,-0.7585106492042542,0.9053454995155334,0.3061196804046631,4.923834800720215,True
12249,6,gamma_df,0.15996547043323517,3.541482925415039,0.43730998039245605,18.70697021484375,True
12249,6,beta_df,-0.9490663409233093,0.6134750843048096,0.1707909256219864,2.748018980026245,True
12249,8,gamma_enc,0.13472451269626617,2.846801519393921,0.4641380310058594,18.677160263061523,True
12249,8,beta_enc,-0.7596733570098877,0.929772675037384,0.31523576378822327,5.068814754486084,True
12249,8,gamma_df,0.1585354208946228,3.643211841583252,0.4539356231689453,18.89342498779297,True
12249,8,beta_df,-0.9833796620368958,0.679533064365387,0.17816190421581268,2.8645477294921875,True
12249,10,gamma_enc,0.1346726417541504,2.9085843563079834,0.4663031995296478,18.711971282958984,True
12249,10,beta_enc,-0.7757236361503601,0.9341283440589905,0.3175549805164337,5.1062846183776855,True
12249,10,gamma_df,0.1578592211008072,3.6543755531311035,0.4584299921989441,18.94388771057129,True
12249,10,beta_df,-0.9718931317329407,0.7095412611961365,0.17990779876708984,2.8919126987457275,True
12249,12,gamma_enc,0.13640372455120087,2.8498072624206543,0.45961108803749084,18.632055282592773,True
12249,12,beta_enc,-0.7628027200698853,0.9292232394218445,0.3136686086654663,5.044508934020996,True
12249,12,gamma_df,0.15877430140972137,3.6165931224823,0.4536517858505249,18.889720916748047,True
12249,12,beta_df,-0.9654466509819031,0.688772976398468,0.17785422503948212,2.858682155609131,True
12249,15,gamma_enc,0.13176803290843964,2.9032347202301025,0.47056034207344055,18.750232696533203,True
12249,15,beta_enc,-0.7757846117019653,0.9446722865104675,0.3208655118942261,5.161866664886475,True
12249,15,gamma_df,0.15772992372512817,3.7467610836029053,0.46483391523361206,19.030282974243164,True
12249,15,beta_df,-0.9661440253257751,0.6713647842407227,0.18087337911128998,2.908973217010498,True
12249,20,gamma_enc,0.1331222504377365,2.837374687194824,0.46426984667778015,18.673912048339844,True
12249,20,beta_enc,-0.7600410580635071,0.936553418636322,0.31644371151924133,5.0911865234375,True
12249,20,gamma_df,0.1582210659980774,3.6981911659240723,0.4574632942676544,18.943927764892578,True
12249,20,beta_df,-0.9633658528327942,0.6494503617286682,0.1781248152256012,2.8644049167633057,True
12249,30,gamma_enc,0.13358010351657867,2.83375883102417,0.464279443025589,18.669830322265625,True
12249,30,beta_enc,-0.7815915942192078,0.9380975961685181,0.3170490562915802,5.100275993347168,True
12249,30,gamma_df,0.15652866661548615,3.7447073459625244,0.4614998996257782,18.984256744384766,True
12249,30,beta_df,-0.9641169309616089,0.6773518323898315,0.17994222044944763,2.89347767829895,True
12249,45,gamma_enc,0.13392700254917145,2.832693099975586,0.4617404639720917,18.626014709472656,True
12249,45,beta_enc,-0.7813934087753296,0.9280073046684265,0.3157990574836731,5.080630779266357,True
12249,45,gamma_df,0.15623486042022705,3.7485413551330566,0.45874181389808655,18.950761795043945,True
12249,45,beta_df,-0.9373862147331238,0.6631376147270203,0.17768806219100952,2.858603000640869,True
12249,60,gamma_enc,0.1343718320131302,2.8059022426605225,0.46113845705986023,18.621009826660156,True
12249,60,beta_enc,-0.7819231748580933,0.9275375008583069,0.31493818759918213,5.065781116485596,True
12249,60,gamma_df,0.15615621209144592,3.742021083831787,0.4589005708694458,18.953857421875,True
12249,60,beta_df,-0.9422751069068909,0.6781233549118042,0.17840927839279175,2.8693504333496094,True
12249,90,gamma_enc,0.12962855398654938,2.894181728363037,0.4757133722305298,18.778200149536133,True
12249,90,beta_enc,-0.7931023240089417,0.9516936540603638,0.32331106066703796,5.200667858123779,True
12249,90,gamma_df,0.15286844968795776,3.8469696044921875,0.4692862331867218,19.055984497070312,True
12249,90,beta_df,-0.961387038230896,0.71095871925354,0.18197491765022278,2.9272308349609375,True
2961,2,gamma_enc,0.1459483802318573,2.3452987670898438,0.4254579544067383,18.1384334564209,True
2961,2,beta_enc,-0.8652458786964417,0.9022969007492065,0.29869621992111206,4.826869010925293,True
2961,2,gamma_df,0.15250730514526367,3.3795323371887207,0.430644690990448,18.663232803344727,True
2961,2,beta_df,-0.9472053647041321,0.4514012634754181,0.16472551226615906,2.6585772037506104,True
2961,4,gamma_enc,0.1386159360408783,2.6988437175750732,0.45456966757774353,18.51171875,True
2961,4,beta_enc,-0.8514989018440247,0.9357254505157471,0.31072694063186646,5.0129075050354,True
2961,4,gamma_df,0.14963294565677643,3.4356558322906494,0.43860965967178345,18.67612075805664,True
2961,4,beta_df,-0.8948703408241272,0.567437469959259,0.16891136765480042,2.7161173820495605,True
2961,6,gamma_enc,0.14800265431404114,2.3348281383514404,0.41962185502052307,18.09669303894043,True
2961,6,beta_enc,-0.7704915404319763,0.9292909502983093,0.29267793893814087,4.736781597137451,True
2961,6,gamma_df,0.15614449977874756,3.3970537185668945,0.43335264921188354,18.67800521850586,True
2961,6,beta_df,-0.9331424832344055,0.4619098901748657,0.16749782860279083,2.6952106952667236,True
2961,8,gamma_enc,0.14314933121204376,2.449413776397705,0.4305424392223358,18.20111656188965,True
2961,8,beta_enc,-0.7937722206115723,0.9332208037376404,0.29958978295326233,4.844438552856445,True
2961,8,gamma_df,0.15221509337425232,3.4359331130981445,0.43359994888305664,18.634790420532227,True
2961,8,beta_df,-0.9326608180999756,0.45998644828796387,0.16774269938468933,2.6990089416503906,True
2961,10,gamma_enc,0.139777272939682,2.5230486392974854,0.43956252932548523,18.30872917175293,True
2961,10,beta_enc,-0.8132900595664978,0.9475257992744446,0.30486613512039185,4.929695129394531,True
2961,10,gamma_df,0.1507059782743454,3.476184129714966,0.43696025013923645,18.658647537231445,True
2961,10,beta_df,-0.9355445504188538,0.4734558165073395,0.16920536756515503,2.7216150760650635,True
2961,12,gamma_enc,0.13921312987804413,2.592910051345825,0.44350263476371765,18.374788284301758,True
2961,12,beta_enc,-0.7968845367431641,0.9357064962387085,0.30580174922943115,4.945644855499268,True
2961,12,gamma_df,0.15039514005184174,3.516732692718506,0.43768906593322754,18.68031120300293,True
2961,12,beta_df,-0.9315260648727417,0.5155356526374817,0.16936245560646057,2.7224223613739014,True
2961,15,gamma_enc,0.1465035229921341,2.4649577140808105,0.42733868956565857,18.216676712036133,True
2961,15,beta_enc,-0.7752795815467834,0.9115598201751709,0.2949758768081665,4.775883197784424,True
2961,15,gamma_df,0.15408100187778473,3.453937292098999,0.43222200870513916,18.667011260986328,True
2961,15,beta_df,-0.9132927656173706,0.47617799043655396,0.16716277599334717,2.6875789165496826,True
2961,20,gamma_enc,0.14577212929725647,2.4953653812408447,0.4316246509552002,18.265472412109375,True
2961,20,beta_enc,-0.7671480774879456,0.932108461856842,0.2972232401371002,4.809874057769775,True
2961,20,gamma_df,0.15392248332500458,3.4434444904327393,0.43280813097953796,18.671682357788086,True
2961,20,beta_df,-0.9109876155853271,0.477651983499527,0.16885092854499817,2.7123773097991943,True
2961,30,gamma_enc,0.14903570711612701,2.4961702823638916,0.42681607604026794,18.226242065429688,True
2961,30,beta_enc,-0.7573012709617615,0.9187986254692078,0.29438331723213196,4.758804798126221,True
2961,30,gamma_df,0.15615257620811462,3.35713267326355,0.42704707384109497,18.592517852783203,True
2961,30,beta_df,-0.8543255925178528,0.4534352123737335,0.16493815183639526,2.6498544216156006,True
2961,45,gamma_enc,0.15148063004016876,2.510286808013916,0.42328083515167236,18.206954956054688,True
2961,45,beta_enc,-0.7290616035461426,0.8876795172691345,0.29127055406570435,4.709316730499268,True
2961,45,gamma_df,0.15896426141262054,3.3522281646728516,0.4256435036659241,18.581823348999023,True
2961,45,beta_df,-0.8430880904197693,0.4294477701187134,0.16352736949920654,2.628582239151001,True
2961,60,gamma_enc,0.1499287188053131,2.5146493911743164,0.42687857151031494,18.245975494384766,True
2961,60,beta_enc,-0.728105366230011,0.9079812169075012,0.29333314299583435,4.747262954711914,True
2961,60,gamma_df,0.15834257006645203,3.401355028152466,0.4307671785354614,18.6485538482666,True
2961,60,beta_df,-0.8455015420913696,0.4473138153553009,0.16599173843860626,2.6677281856536865,True
2961,90,gamma_enc,0.1442691683769226,2.6044399738311768,0.43968895077705383,18.403444290161133,True
2961,90,beta_enc,-0.7588956952095032,0.9097305536270142,0.30003786087036133,4.8533830642700195,True
2961,90,gamma_df,0.15553691983222961,3.4873363971710205,0.43926993012428284,18.747817993164062,True
2961,90,beta_df,-0.8455817103385925,0.4671509563922882,0.1697569191455841,2.727412700653076,True
5739,2,gamma_enc,0.13530069589614868,2.8001821041107178,0.48839738965034485,18.87557029724121,True
5739,2,beta_enc,-0.8894394636154175,0.9123972654342651,0.3296063542366028,5.314204692840576,True
5739,2,gamma_df,0.14015622437000275,3.433755397796631,0.4468548893928528,18.778751373291016,True
5739,2,beta_df,-0.8039994239807129,0.47985079884529114,0.16679832339286804,2.6935460567474365,True
5739,4,gamma_enc,0.13868063688278198,2.9098801612854004,0.476199209690094,18.69414520263672,True
5739,4,beta_enc,-0.9042301177978516,0.8898618817329407,0.32070186734199524,5.1686553955078125,True
5739,4,gamma_df,0.1457853466272354,3.349414110183716,0.4408036768436432,18.617298126220703,True
5739,4,beta_df,-0.7006818652153015,0.44214969873428345,0.1652037501335144,2.6655542850494385,True
5739,6,gamma_enc,0.13614463806152344,2.9948654174804688,0.4923047125339508,18.880718231201172,True
5739,6,beta_enc,-0.9297250509262085,0.9422273635864258,0.3294094204902649,5.310186386108398,True
5739,6,gamma_df,0.1420387327671051,3.379094362258911,0.453260600566864,18.76610565185547,True
5739,6,beta_df,-0.6998224854469299,0.4758758544921875,0.17129772901535034,2.761101484298706,True
5739,8,gamma_enc,0.1367608606815338,2.910550355911255,0.487559974193573,18.837923049926758,True
5739,8,beta_enc,-0.9033032059669495,0.9365919232368469,0.32713696360588074,5.272916316986084,True
5739,8,gamma_df,0.14222978055477142,3.370694398880005,0.4480431377887726,18.730466842651367,True
5739,8,beta_df,-0.7175856828689575,0.47208040952682495,0.16829407215118408,2.714813470840454,True
5739,10,gamma_enc,0.13187316060066223,3.0148987770080566,0.5120313167572021,19.10574722290039,True
5739,10,beta_enc,-0.9231407046318054,0.984269380569458,0.3393188714981079,5.468007564544678,True
5739,10,gamma_df,0.13841719925403595,3.4475278854370117,0.46266767382621765,18.890165328979492,True
5739,10,beta_df,-0.7123612761497498,0.4853534400463104,0.1725901961326599,2.783461570739746,True
5739,12,gamma_enc,0.12908561527729034,3.1376521587371826,0.5315340161323547,19.32210922241211,True
5739,12,beta_enc,-0.949757993221283,1.006630539894104,0.3475915491580963,5.599274158477783,True
5739,12,gamma_df,0.1358281821012497,3.5122241973876953,0.47569459676742554,19.024736404418945,True
5739,12,beta_df,-0.6997518539428711,0.4901299476623535,0.17662228643894196,2.848076820373535,True
5739,15,gamma_enc,0.13303852081298828,3.023404598236084,0.5142125487327576,19.123329162597656,True
5739,15,beta_enc,-0.9192379117012024,0.9527239799499512,0.3374011516571045,5.434961318969727,True
5739,15,gamma_df,0.13829070329666138,3.397207260131836,0.46031349897384644,18.885005950927734,True
5739,15,beta_df,-0.7146514058113098,0.47718483209609985,0.17043143510818481,2.7508509159088135,True
5739,20,gamma_enc,0.132284015417099,3.031949281692505,0.5147398114204407,19.136240005493164,True
5739,20,beta_enc,-0.9232653975486755,0.9512038826942444,0.3378928005695343,5.4435038566589355,True
5739,20,gamma_df,0.13886278867721558,3.4324092864990234,0.46120157837867737,18.884422302246094,True
5739,20,beta_df,-0.7229673266410828,0.4799160063266754,0.17060476541519165,2.7537384033203125,True
5739,30,gamma_enc,0.13915573060512543,2.802182197570801,0.4786733388900757,18.750152587890625,True
5739,30,beta_enc,-0.8426873087882996,0.9042122960090637,0.3206036388874054,5.1641926765441895,True
5739,30,gamma_df,0.144731804728508,3.3608717918395996,0.43830248713493347,18.667537689208984,True
5739,30,beta_df,-0.7497351169586182,0.43527722358703613,0.16152994334697723,2.609930992126465,True
5739,45,gamma_enc,0.13183148205280304,3.0207455158233643,0.5144261121749878,19.135852813720703,True
5739,45,beta_enc,-0.8872724175453186,0.961226224899292,0.3393735885620117,5.464304447174072,True
5739,45,gamma_df,0.13939860463142395,3.508349895477295,0.46058109402656555,18.91202163696289,True
5739,45,beta_df,-0.7520444393157959,0.45706549286842346,0.1691201627254486,2.7301135063171387,True
5739,60,gamma_enc,0.12927120923995972,3.121957778930664,0.5252695679664612,19.24603843688965,True
5739,60,beta_enc,-0.9291722178459167,0.9746227264404297,0.34600555896759033,5.572281837463379,True
5739,60,gamma_df,0.13814082741737366,3.614104747772217,0.46950796246528625,18.987600326538086,True
5739,60,beta_df,-0.7462658286094666,0.4639222323894501,0.1720656305551529,2.7755274772644043,True
5739,90,gamma_enc,0.13352514803409576,3.0043115615844727,0.50391685962677,19.002521514892578,True
5739,90,beta_enc,-0.8976016640663147,0.9586333632469177,0.33461812138557434,5.392176628112793,True
5739,90,gamma_df,0.1424061805009842,3.554997682571411,0.45650917291641235,18.823217391967773,True
5739,90,beta_df,-0.7470458149909973,0.4441896080970764,0.1667603850364685,2.691537618637085,True
3050,2,gamma_enc,0.1506902277469635,2.2769522666931152,0.3981862962245941,17.802141189575195,True
3050,2,beta_enc,-0.7615289092063904,0.900196373462677,0.2858673930168152,4.617880821228027,True
3050,2,gamma_df,0.15110734105110168,3.1999423503875732,0.43377572298049927,18.674638748168945,True
3050,2,beta_df,-1.0701947212219238,0.7632817029953003,0.16716937720775604,2.7022252082824707,True
3050,4,gamma_enc,0.14712472259998322,2.2814762592315674,0.41451770067214966,17.99968147277832,True
3050,4,beta_enc,-0.8153789043426514,0.9192581176757812,0.2929861843585968,4.730602741241455,True
3050,4,gamma_df,0.1512705534696579,3.151163339614868,0.45319250226020813,18.918336868286133,True
3050,4,beta_df,-1.1157892942428589,0.8817029595375061,0.17579326033592224,2.8388099670410156,True
3050,6,gamma_enc,0.1461438089609146,2.3954386711120605,0.42181506752967834,18.06961441040039,True
3050,6,beta_enc,-0.8676337003707886,0.956395149230957,0.2969265878200531,4.781633377075195,True
3050,6,gamma_df,0.15485678613185883,3.2076404094696045,0.44619306921958923,18.784629821777344,True
3050,6,beta_df,-1.088587999343872,0.9291518926620483,0.17835311591625214,2.875892400741577,True
3050,8,gamma_enc,0.1451069861650467,2.429049491882324,0.4256758391857147,18.114093780517578,True
3050,8,beta_enc,-0.8799293041229248,0.9636310935020447,0.3001686632633209,4.833006381988525,True
3050,8,gamma_df,0.15412834286689758,3.2306203842163086,0.44955137372016907,18.80586051940918,True
3050,8,beta_df,-1.0893032550811768,0.922627866268158,0.17933961749076843,2.8918354511260986,True
3050,10,gamma_enc,0.14562785625457764,2.4555442333221436,0.42511287331581116,18.108760833740234,True
3050,10,beta_enc,-0.8798259496688843,0.963164210319519,0.29942113161087036,4.820672512054443,True
3050,10,gamma_df,0.15417632460594177,3.229196786880493,0.44757550954818726,18.779247283935547,True
3050,10,beta_df,-1.0739567279815674,0.8940894603729248,0.17782923579216003,2.867387533187866,True
3050,12,gamma_enc,0.14455409348011017,2.556555986404419,0.4337834119796753,18.223331451416016,True
3050,12,beta_enc,-0.8988336324691772,0.9767439961433411,0.30482304096221924,4.904326438903809,True
3050,12,gamma_df,0.15492092072963715,3.27612042427063,0.450004905462265,18.782583236694336,True
3050,12,beta_df,-1.0637925863265991,0.9180703163146973,0.180026113986969,2.9018828868865967,True
3050,15,gamma_enc,0.1449839025735855,2.5649051666259766,0.4323770999908447,18.218730926513672,True
3050,15,beta_enc,-0.9114038944244385,0.9660598039627075,0.30346158146858215,4.8829474449157715,True
3050,15,gamma_df,0.15504643321037292,3.25734281539917,0.44742250442504883,18.756441116333008,True
3050,15,beta_df,-1.0447371006011963,0.9010816812515259,0.17862661182880402,2.8791706562042236,True
3050,20,gamma_enc,0.14453348517417908,2.557342290878296,0.43375277519226074,18.219079971313477,True
3050,20,beta_enc,-0.9224398136138916,0.966106653213501,0.30389896035194397,4.88992166519165,True
3050,20,gamma_df,0.1544606238603592,3.248396158218384,0.44992366433143616,18.799007415771484,True
3050,20,beta_df,-1.0600063800811768,0.925382673740387,0.18055443465709686,2.9096224308013916,True
3050,30,gamma_enc,0.1451779305934906,2.528653383255005,0.4319767653942108,18.187999725341797,True
3050,30,beta_enc,-0.9283682703971863,0.9704585671424866,0.30190959572792053,4.857810020446777,True
3050,30,gamma_df,0.1534903645515442,3.194795608520508,0.45137524604797363,18.845314025878906,True
3050,30,beta_df,-1.083245873451233,0.924271285533905,0.1816486269235611,2.9268460273742676,True
3050,45,gamma_enc,0.14875543117523193,2.2895638942718506,0.4091622531414032,17.937210083007812,True
3050,45,beta_enc,-0.8595972657203674,0.9453444480895996,0.2888818383216858,4.653573989868164,True
3050,45,gamma_df,0.15464451909065247,3.084825277328491,0.43943649530410767,18.735523223876953,True
3050,45,beta_df,-1.0960936546325684,0.8698084950447083,0.174757182598114,2.8192965984344482,True
3050,60,gamma_enc,0.14774185419082642,2.2986154556274414,0.41222575306892395,17.979745864868164,True
3050,60,beta_enc,-0.8591113686561584,0.9491072297096252,0.2910870313644409,4.6899518966674805,True
3050,60,gamma_df,0.15397857129573822,3.106633186340332,0.4448671340942383,18.794191360473633,True
3050,60,beta_df,-1.1083028316497803,0.8895931839942932,0.17637978494167328,2.845292568206787,True
3050,90,gamma_enc,0.14965501427650452,2.261277198791504,0.4067770540714264,17.932104110717773,True
3050,90,beta_enc,-0.8043658137321472,0.9445759654045105,0.2870584726333618,4.627544403076172,True
3050,90,gamma_df,0.15468928217887878,3.112955093383789,0.44323280453681946,18.79779815673828,True
3050,90,beta_df,-1.1182043552398682,0.8896934986114502,0.17469702661037445,2.819650650024414,True
5417,2,gamma_enc,0.14466141164302826,2.443136692047119,0.4268967807292938,18.22572898864746,True
5417,2,beta_enc,-0.7967351675033569,0.8427450656890869,0.30206814408302307,4.873203277587891,True
5417,2,gamma_df,0.15216141939163208,3.443106174468994,0.4329123795032501,18.747770309448242,True
5417,2,beta_df,-0.8399212956428528,0.5050625801086426,0.16304785013198853,2.637938976287842,True
5417,4,gamma_enc,0.1458072066307068,2.4583582878112793,0.4234800934791565,18.18714714050293,True
5417,4,beta_enc,-0.7796652913093567,0.8744264841079712,0.2964555025100708,4.7788543701171875,True
5417,4,gamma_df,0.15332983434200287,3.5424909591674805,0.4362645149230957,18.75959014892578,True
5417,4,beta_df,-0.844819188117981,0.43821588158607483,0.162957563996315,2.6366913318634033,True
5417,6,gamma_enc,0.1421789824962616,2.5843939781188965,0.44356054067611694,18.357254028320312,True
5417,6,beta_enc,-0.8356277942657471,0.9083947539329529,0.3049542307853699,4.910938739776611,True
5417,6,gamma_df,0.1491202712059021,3.5319604873657227,0.43684616684913635,18.667036056518555,True
5417,6,beta_df,-0.7858918905258179,0.4360811412334442,0.16422125697135925,2.658432960510254,True
5417,8,gamma_enc,0.1338375061750412,2.8390541076660156,0.469526082277298,18.691972732543945,True
5417,8,beta_enc,-0.8861538171768188,0.9352715611457825,0.3164274990558624,5.0879645347595215,True
5417,8,gamma_df,0.1481737643480301,3.7093920707702637,0.44823119044303894,18.757766723632812,True
5417,8,beta_df,-0.8133602738380432,0.49512240290641785,0.17341309785842896,2.8004870414733887,True
5417,10,gamma_enc,0.14019978046417236,2.7517881393432617,0.4526841342449188,18.501705169677734,True
5417,10,beta_enc,-0.8551238179206848,0.9172489047050476,0.30682966113090515,4.933565616607666,True
5417,10,gamma_df,0.15141375362873077,3.574739933013916,0.43333175778388977,18.57360076904297,True
5417,10,beta_df,-0.7848919630050659,0.451183944940567,0.1673174798488617,2.703979969024658,True
5417,12,gamma_enc,0.1403704732656479,2.7551212310791016,0.4532467722892761,18.491403579711914,True
5417,12,beta_enc,-0.8512910008430481,0.9248994588851929,0.3087598383426666,4.962834358215332,True
5417,12,gamma_df,0.1501983255147934,3.596475839614868,0.43741869926452637,18.57535743713379,True
5417,12,beta_df,-0.7848580479621887,0.4465959370136261,0.16884496808052063,2.7294750213623047,True
5417,15,gamma_enc,0.14332540333271027,2.678104877471924,0.444901704788208,18.388145446777344,True
5417,15,beta_enc,-0.8533291816711426,0.9187450408935547,0.3041740357875824,4.889308452606201,True
5417,15,gamma_df,0.15081608295440674,3.5417003631591797,0.43313920497894287,18.52266502380371,True
5417,15,beta_df,-0.7763655185699463,0.4380618631839752,0.16664983332157135,2.6952414512634277,True
5417,20,gamma_enc,0.14444111287593842,2.567154884338379,0.43365880846977234,18.244699478149414,True
5417,20,beta_enc,-0.8221233487129211,0.9277374148368835,0.29997125267982483,4.824272155761719,True
5417,20,gamma_df,0.15326082706451416,3.4941189289093018,0.4295453727245331,18.514266967773438,True
5417,20,beta_df,-0.8211367130279541,0.43461909890174866,0.16325974464416504,2.642299175262451,True
5417,30,gamma_enc,0.13927681744098663,2.667419672012329,0.445523738861084,18.377304077148438,True
5417,30,beta_enc,-0.8427436351776123,0.9458366632461548,0.3076612949371338,4.946719169616699,True
5417,30,gamma_df,0.15075385570526123,3.616581439971924,0.44417402148246765,18.677955627441406,True
5417,30,beta_df,-0.8220251202583313,0.44637051224708557,0.1699623316526413,2.749873638153076,True
5417,45,gamma_enc,0.13788670301437378,2.703019857406616,0.45113492012023926,18.444913864135742,True
5417,45,beta_enc,-0.8430317640304565,0.9530908465385437,0.3113771378993988,5.007794380187988,True
5417,45,gamma_df,0.15034934878349304,3.6606082916259766,0.45268526673316956,18.779783248901367,True
5417,45,beta_df,-0.8226799964904785,0.4370621144771576,0.17284543812274933,2.7972984313964844,True
5417,60,gamma_enc,0.13897141814231873,2.6886239051818848,0.4475947320461273,18.411514282226562,True
5417,60,beta_enc,-0.8326894640922546,0.9423903822898865,0.30849528312683105,4.961877822875977,True
5417,60,gamma_df,0.15166360139846802,3.6360015869140625,0.4465756118297577,18.716421127319336,True
5417,60,beta_df,-0.8072086572647095,0.4333161413669586,0.1703179031610489,2.756509780883789,True
5417,90,gamma_enc,0.13923072814941406,2.7231338024139404,0.4559842050075531,18.52571678161621,True
5417,90,beta_enc,-0.852841317653656,0.9575691819190979,0.31310489773750305,5.036905288696289,True
5417,90,gamma_df,0.15059882402420044,3.6295056343078613,0.45445623993873596,18.8057861328125,True
5417,90,beta_df,-0.8064947724342346,0.4324802756309509,0.1723785549402237,2.789963483810425,True
6549,2,gamma_enc,0.12349063903093338,2.7460527420043945,0.4972914457321167,18.9052791595459,True
6549,2,beta_enc,-0.8788604736328125,1.0254820585250854,0.3490561544895172,5.621422290802002,True
6549,2,gamma_df,0.13092580437660217,4.0112080574035645,0.4896860718727112,19.36153221130371,True
6549,2,beta_df,-1.0771420001983643,0.7222792506217957,0.1852646768093109,2.9874935150146484,True
6549,4,gamma_enc,0.13876263797283173,2.406754970550537,0.42666828632354736,18.100858688354492,True
6549,4,beta_enc,-0.816072404384613,0.9336068630218506,0.3013918995857239,4.85800838470459,True
6549,4,gamma_df,0.14356300234794617,3.3764145374298096,0.43578803539276123,18.71968650817871,True
6549,4,beta_df,-1.0160109996795654,0.6968093514442444,0.1670997440814972,2.696899890899658,True
6549,6,gamma_enc,0.12508174777030945,2.768207311630249,0.48030513525009155,18.728591918945312,True
6549,6,beta_enc,-0.8692886829376221,1.0128434896469116,0.33124372363090515,5.331851482391357,True
6549,6,gamma_df,0.14080217480659485,3.7675702571868896,0.46294933557510376,18.903564453125,True
6549,6,beta_df,-1.0374253988265991,0.8307480812072754,0.17972618341445923,2.896958112716675,True
6549,8,gamma_enc,0.12430954724550247,2.824251890182495,0.4962307810783386,18.92899513244629,True
6549,8,beta_enc,-0.8774482607841492,0.998734176158905,0.34154367446899414,5.4973368644714355,True
6549,8,gamma_df,0.13788150250911713,3.927262306213379,0.46909523010253906,18.983428955078125,True
6549,8,beta_df,-1.0465325117111206,0.8513522744178772,0.18219587206840515,2.9337222576141357,True
6549,10,gamma_enc,0.12358047068119049,2.865689516067505,0.5000510811805725,18.984477996826172,True
6549,10,beta_enc,-0.8992072939872742,1.0154508352279663,0.34060752391815186,5.478458881378174,True
6549,10,gamma_df,0.1391708254814148,3.8554799556732178,0.4649294316768646,18.89042854309082,True
6549,10,beta_df,-1.003747582435608,0.807396411895752,0.17913289368152618,2.885296106338501,True
6549,12,gamma_enc,0.12428192794322968,2.849905252456665,0.49431997537612915,18.909717559814453,True
6549,12,beta_enc,-0.8986931443214417,1.0159534215927124,0.33641672134399414,5.41003942489624,True
6549,12,gamma_df,0.14029526710510254,3.773967742919922,0.45970121026039124,18.815664291381836,True
6549,12,beta_df,-0.9807379841804504,0.7700501084327698,0.17617109417915344,2.838521718978882,True
6549,15,gamma_enc,0.12074427306652069,2.983293056488037,0.5182818174362183,19.215524673461914,True
6549,15,beta_enc,-0.9019463658332825,1.029858946800232,0.35010504722595215,5.632575988769531,True
6549,15,gamma_df,0.13713213801383972,3.971611261367798,0.48000115156173706,19.09087371826172,True
6549,15,beta_df,-1.0185201168060303,0.8270079493522644,0.1837671846151352,2.95817494392395,True
6549,20,gamma_enc,0.12009839713573456,2.997622489929199,0.5190213918685913,19.225507736206055,True
6549,20,beta_enc,-0.8962833285331726,1.0210340023040771,0.35194140672683716,5.662042140960693,True
6549,20,gamma_df,0.1365686058998108,4.029023170471191,0.48153650760650635,19.110143661499023,True
6549,20,beta_df,-1.0134271383285522,0.8126180171966553,0.18434034287929535,2.9675445556640625,True
6549,30,gamma_enc,0.12116250395774841,2.961135149002075,0.5101202130317688,19.131258010864258,True
6549,30,beta_enc,-0.8712814450263977,1.0070827007293701,0.3471221923828125,5.587123394012451,True
6549,30,gamma_df,0.1382560282945633,4.017624378204346,0.47863179445266724,19.105609893798828,True
6549,30,beta_df,-1.0041254758834839,0.794953465461731,0.18324409425258636,2.950258493423462,True
6549,45,gamma_enc,0.12503957748413086,2.866905689239502,0.4923933744430542,18.895177841186523,True
6549,45,beta_enc,-0.8657292127609253,0.9950089454650879,0.33553820848464966,5.399353981018066,True
6549,45,gamma_df,0.14089159667491913,3.784830331802368,0.4599767327308655,18.852025985717773,True
6549,45,beta_df,-0.9566000699996948,0.7248490452766418,0.17477872967720032,2.815781593322754,True
6549,60,gamma_enc,0.12330175936222076,2.884884834289551,0.4973100423812866,18.953561782836914,True
6549,60,beta_enc,-0.883206844329834,1.0082002878189087,0.33755722641944885,5.430328845977783,True
6549,60,gamma_df,0.14037223160266876,3.7917497158050537,0.46402642130851746,18.89240837097168,True
6549,60,beta_df,-0.9601501226425171,0.7383365035057068,0.17632679641246796,2.841017246246338,True
6549,90,gamma_enc,0.12106423825025558,2.966580629348755,0.5098438858985901,19.102304458618164,True
6549,90,beta_enc,-0.8991636633872986,1.0166349411010742,0.3434044122695923,5.523515701293945,True
6549,90,gamma_df,0.13974200189113617,3.852759599685669,0.4731415808200836,18.9862003326416,True
6549,90,beta_df,-0.9743826389312744,0.7722949981689453,0.17982862889766693,2.8959503173828125,True
